1,Hugo-Hendrik,Vainlu,hugohendrik.vainlu@gmail.com,"Zaporožets","E60 M5",2005,23000
2,Mario,Metshein,mario.metshein@gmail.com,Toyota,RAV4,2007,8000
3,Karin,Eegreid,karin.eegreid@gmail.com,Lamborghini,Murcielago,2006,500000
4,Jone,Teese,jteese3@discovery.com,Hummer,H1,1993,11746.75
6,Wilhelmina,Shrieves,wshrieves5@army.mil,Isuzu,Ascender,2004,25480.34
7,Babs,Hardingham,bhardingham6@samsung.com,Mazda,626,1983,91336.9
8,Vince,Oneile,voneile7@sourceforge.net,Saab,900,1988,50225.89
9,Basia,Gatsby,bgatsby8@deliciousdays.com,BMW,"3 Series",2011,88870.35
11,Christina,McLoney,cmcloneya@blogspot.com,Lincoln,Navigator,2001,95351.38
12,Cristobal,Reaveley,creaveleyb@google.nl,Lincoln,"Navigator L",2011,65779.92
13,Carma,Brydie,cbrydiec@cnet.com,Chevrolet,Tahoe,2011,71114.16
14,Conny,Blackmuir,cblackmuird@psu.edu,Plymouth,Neon,1996,28448.95
16,Bruis,Damiata,bdamiataf@google.co.uk,Mercury,Cougar,1992,9745.01
17,Roxane,Coull,rcoullg@disqus.com,Lotus,Esprit,1998,47026.09
18,Aleen,Sambles,asamblesh@symantec.com,Suzuki,Swift,1988,16950.22
19,Shirl,Beedon,sbeedoni@census.gov,Audi,R8,2009,47212.71
20,Arleen,Dombrell,adombrellj@addtoany.com,Mazda,RX-8,2009,84765.23
21,Hamish,Fiddiman,hfiddimank@cocolog-nifty.com,Mercedes-Benz,CL-Class,2008,42679.28
22,Anjela,Kunzelmann,akunzelmannl@ca.gov,Chevrolet,Camaro,1977,57814.08
23,Gideon,Dengel,gdengelm@china.com.cn,Ford,Laser,1988,75418.68
24,Melanie,Brumfitt,mbrumfittn@tuttocitta.it,Mazda,B2000,1985,16069
25,Myer,Springell,mspringello@nsw.gov.au,Ford,EXP,1987,99572.35
26,Arabella,Horbart,ahorbartp@webeden.co.uk,"Citroën",SRX,2006,42116.53
27,Duane,Stit,dstitq@gov.uk,Dodge,Stealth,1993,74233.38
28,Trevar,Bourner,tbournerr@stanford.edu,BMW,530,2003,5962.77
29,Bekki,Pury,bpurys@constantcontact.com,Chevrolet,"Suburban 1500",2002,99561.77
30,Cristine,Drakes,cdrakest@creativecommons.org,Geo,Tracker,1994,66686.73
31,Jeana,Gudgeon,jgudgeonu@comsenz.com,GMC,3500,1994,82586.58
32,Lanni,Tilbrook,ltilbrookv@yahoo.co.jp,Lexus,SC,2006,85885.13
33,Buffy,Pristnor,bpristnorw@nymag.com,Pontiac,GTO,2004,17730.2
34,Livia,Swaddle,lswaddlex@elpais.com,Nissan,Maxima,2000,58651.02
35,Bealle,Verne,bverney@acquirethisname.com,Pontiac,GTO,2005,85863.45
36,Ian,Reihm,ireihmz@technorati.com,Dodge,"Ram 3500 Club",1996,19638.4
37,Blayne,Klulicek,bklulicek10@artisteer.com,Volvo,C70,2009,48143.66
38,Nathanael,"Le Merchant",nlemerchant11@webnode.com,BMW,"7 Series",2010,53498.67
39,Letisha,Heaslip,lheaslip12@vimeo.com,Chevrolet,1500,1996,46569.21
40,Mervin,Vesty,mvesty13@google.de,Isuzu,Rodeo,1999,78326.42
41,Leland,Martinat,lmartinat14@geocities.com,Ford,Fairlane,1965,34810.86
42,Giselle,Nuccii,gnuccii15@nih.gov,Nissan,Armada,2010,57634.02
43,Lisette,Ygou,lygou16@mtv.com,Chevrolet,"Express 1500",2010,59741.74
44,Emmet,Faulkes,efaulkes17@telegraph.co.uk,Chevrolet,Corvette,1966,33280.64
45,Land,Fivey,lfivey18@hud.gov,Infiniti,QX56,2012,16469.5
46,Kippar,Bennell,kbennell19@flavors.me,Chevrolet,Cobalt,2008,43871.11
47,Ardelis,McKnish,amcknish1a@surveymonkey.com,Chevrolet,"Suburban 1500",2001,47191.28
48,Milo,Pizzie,mpizzie1b@earthlink.net,Porsche,911,1999,84877.92
49,Jacquelin,Deners,jdeners1c@europa.eu,Acura,NSX,1998,60328.66
50,Carmine,Steenson,csteenson1d@marriott.com,Dodge,Charger,2012,34567.1
51,Sheppard,Valens-Smith,svalenssmith1e@zdnet.com,GMC,"Savana 1500",2012,66272.59
52,Jayson,Fludder,jfludder1f@ucsd.edu,Nissan,Sentra,2009,13948.06
53,Aurel,Lockhead,alockhead1g@army.mil,Saab,9000,1991,39939.67
54,Randene,Neaverson,rneaverson1h@arizona.edu,Buick,Regal,1985,66541.31
56,Verla,Maltman,vmaltman1j@linkedin.com,Chevrolet,"Silverado 3500",2009,76911.11
57,Emery,Bamb,ebamb1k@gov.uk,Audi,"4000CS Quattro",1986,16065.6
58,Kessia,Denslow,kdenslow1l@bbb.org,Chevrolet,"Monte Carlo",1973,8541.89
59,Emili,Tommei,etommei1m@ibm.com,Chevrolet,"Silverado 3500",2009,48144.52
60,Shirley,Antonat,santonat1n@digg.com,Buick,LeSabre,1999,83632.06
61,Annadiane,Hatzar,ahatzar1o@canalblog.com,GMC,"Savana 1500",2011,70718.56
62,Wolfgang,Rushworth,wrushworth1p@blogs.com,Mercury,Tracer,1993,6447.1
63,Audra,Gittose,agittose1q@e-recht24.de,Volkswagen,Golf,1993,29144.43
64,Kiley,Douglas,kdouglas1r@ezinearticles.com,Toyota,Yaris,2011,22611.79
65,Libby,Gingedale,lgingedale1s@rediff.com,Mitsubishi,RVR,1995,42545.73
66,Dukie,Wooffitt,dwooffitt1t@bbc.co.uk,Nissan,350Z,2006,62865.49
67,Tove,Natalie,tnatalie1u@globo.com,Mitsubishi,Diamante,1997,84126.27
68,Gunter,Hoff,ghoff1v@yahoo.com,Mercedes-Benz,CL-Class,2004,55873.54
69,Isa,Davenport,idavenport1w@yale.edu,Mercury,"Grand Marquis",1998,79320.54
70,Gerald,Browell,gbrowell1x@ft.com,Toyota,Corolla,2002,26879.09
71,Rochester,Gass,rgass1y@aboutads.info,GMC,"Savana 1500",1996,66899.03
72,Jojo,McPaik,jmcpaik1z@discovery.com,Saab,9-2X,2005,76928.06
73,Jennee,Ughi,jughi20@imgur.com,Toyota,Corolla,1996,53807.03
74,Vivyanne,Lanceter,vlanceter21@illinois.edu,Ford,F350,2010,98516.88
75,Gianni,Skelton,gskelton22@ft.com,Jeep,"Grand Cherokee",2009,33231.03
76,Florian,Haddow,fhaddow23@t-online.de,Audi,A4,1996,49635.15
77,Junie,Hannah,jhannah24@dmoz.org,Honda,Prelude,1992,67547.97
78,Pooh,Scoggins,pscoggins25@naver.com,BMW,X3,2009,46396.84
79,Celestine,Ganforthe,cganforthe26@usatoday.com,Honda,Odyssey,2007,64488.9
80,Reece,Ostick,rostick27@walmart.com,Nissan,Murano,2007,37610.1
81,Wilton,Fibbitts,wfibbitts28@tinyurl.com,Mercedes-Benz,GL-Class,2009,81106.77
82,Alric,Biggans,abiggans29@ft.com,Mercedes-Benz,SLK-Class,1999,73134.11
83,Meredithe,"Le Frank",mlefrank2a@youtube.com,Chevrolet,Camaro,1992,14955.86
84,Drugi,Odell,dodell2b@hc360.com,Chevrolet,Corvette,1960,9286.44
85,Jock,Guirardin,jguirardin2c@unc.edu,Ford,"Crown Victoria",1998,35229.12
86,Jermain,Pyner,jpyner2d@over-blog.com,Chevrolet,Cobalt,2007,31235.24
88,Dav,Duiguid,dduiguid2f@utexas.edu,Plymouth,Breeze,2000,73758.94
89,Thaxter,Bartzen,tbartzen2g@reddit.com,Subaru,"Outback Sport",2002,43422.51
90,Brittne,Fallon,bfallon2h@loc.gov,"Land Rover","Range Rover",2004,88229.08
91,Lambert,Lascell,llascell2i@xing.com,Toyota,Sienna,2010,65988.46
92,Abigael,Goburn,agoburn2j@twitter.com,GMC,"Sierra 2500",2006,85399.4
93,Orton,Wyon,owyon2k@parallels.com,Mercedes-Benz,CL-Class,2005,30755.79
94,Judi,Luparto,jluparto2l@phoca.cz,Honda,Civic,2008,50886.36
95,Madeline,Abriani,mabriani2m@whitehouse.gov,Mitsubishi,Diamante,2004,88028.69
96,Waylen,Alexandre,walexandre2n@google.com,Toyota,Highlander,2004,29685.69
97,Vittorio,Bothen,vbothen2o@macromedia.com,Ford,Bronco,1984,76828.8
98,Hastings,Mattheeuw,hmattheeuw2p@icio.us,Dodge,"Grand Caravan",2003,29514.62
99,Shalna,Dudding,sdudding2q@1und1.de,Volvo,XC90,2003,80907.88
100,Raimundo,Waulker,rwaulker2r@gov.uk,Dodge,Sprinter,2008,94088.57
101,Aila,Sackey,asackey2s@fda.gov,"Citroën",SM,1972,77834.99
102,Martita,Farbrother,mfarbrother2t@gnu.org,Ram,C/V,2012,25313.68
103,Daryle,Heavyside,dheavyside2u@zdnet.com,Honda,Prelude,1997,65114.23
104,Carlen,Tittletross,ctittletross2v@odnoklassniki.ru,Lincoln,"Town Car",1989,46863.01
105,Shanie,Aarons,saarons2w@google.com,Jeep,"Grand Cherokee",2011,26717.92
106,Link,Stubbe,lstubbe2x@earthlink.net,GMC,"Vandura G2500",1995,46834.17
107,Harrietta,Naptin,hnaptin2y@ameblo.jp,Bentley,"Continental Super",2012,45382.69
108,Binky,Rickeard,brickeard2z@goo.gl,BMW,"5 Series",2011,73845.56
109,Shanie,MacNeilly,smacneilly30@gravatar.com,Chevrolet,Metro,1998,14473.6
110,Irv,Spincke,ispincke31@chicagotribune.com,Pontiac,"Grand Prix",1976,35706.37
111,Gael,Geerdts,ggeerdts32@csmonitor.com,Jeep,Cherokee,1993,69187.38
112,Ortensia,Sustins,osustins33@prnewswire.com,Dodge,Caravan,2000,14247.61
113,Cosette,Smooth,csmooth34@ask.com,Pontiac,G5,2008,35736.89
114,Junina,Lindblom,jlindblom35@chronoengine.com,Oldsmobile,Achieva,1997,10916.49
115,Hanson,Woodeson,hwoodeson36@usgs.gov,Mercedes-Benz,SL-Class,1988,56300.15
116,Adolphe,Stewart,astewart37@reuters.com,Nissan,Versa,2007,77886.29
117,Breanne,Tales,btales38@nifty.com,Mitsubishi,"Mighty Max",1992,94436.43
118,Evvy,Whordley,ewhordley39@oakley.com,Mercedes-Benz,CL-Class,2004,5862.7
119,Ibbie,Jenkins,ijenkins3a@reverbnation.com,Ford,Taurus,1991,70133.32
120,Gail,Coulsen,gcoulsen3b@geocities.com,Volkswagen,Jetta,2003,61235.16
121,Romona,Curnucke,rcurnucke3c@mozilla.com,Porsche,911,2006,87934.78
122,Janith,"Dell'Abbate",jdellabbate3d@thetimes.co.uk,"Citroën",Catera,1999,68870.67
123,Madelle,Dungate,mdungate3e@seesaa.net,Kia,Optima,2006,30651.96
124,Frederico,Easey,feasey3f@dagondesign.com,"Citroën",SRX,2006,54170.8
125,Wash,Hearsey,whearsey3g@plala.or.jp,Volkswagen,"New Beetle",2006,80066.7
126,Sollie,Colecrough,scolecrough3h@hostgator.com,Porsche,968,1992,16659.44
127,Diane-marie,Munning,dmunning3i@newyorker.com,"Citroën",DTS,2006,6242.84
128,Abbe,Haysom,ahaysom3j@netlog.com,Mercury,Tracer,1996,72051.26
129,Maud,Ladel,mladel3k@ucla.edu,Ford,Taurus,1999,81038.42
130,Leonid,Howerd,lhowerd3l@thetimes.co.uk,Chrysler,LHS,2000,74641.31
131,Gerrilee,"De Meyer",gdemeyer3m@icq.com,Mercury,Cougar,1987,79277.43
132,Cristie,Starmont,cstarmont3n@spotify.com,Mercury,Mountaineer,2007,22411.14
133,Garwood,MacAndreis,gmacandreis3o@github.io,GMC,"Vandura 2500",1993,69903.62
134,Michael,Reinbeck,mreinbeck3p@google.co.uk,Ford,"Crown Victoria",2005,30995.27
135,Felicle,Dallman,fdallman3q@shop-pro.jp,Plymouth,Voyager,1994,35542.96
136,Jordan,Brando,jbrando3r@taobao.com,"Aston Martin","V8 Vantage",2011,79905.97
137,Walden,Henstridge,whenstridge3s@nydailynews.com,Mitsubishi,Cordia,1985,90643.23
138,Camala,Orrah,corrah3t@upenn.edu,Volkswagen,GTI,2005,49159.02
139,Leupold,Baudts,lbaudts3u@discuz.net,GMC,Canyon,2007,94445.88
140,Ferris,Bartoszewicz,fbartoszewicz3v@topsy.com,Geo,Tracker,1993,84385.05
141,Marylin,Kliesl,mkliesl3w@merriam-webster.com,Nissan,GT-R,2012,43852.43
142,Randi,Minmagh,rminmagh3x@taobao.com,Mercury,Mountaineer,2004,79164.52
143,Skylar,Gurnee,sgurnee3y@nasa.gov,GMC,Yukon,1993,14195.31
144,Belinda,Skillett,bskillett3z@de.vu,Mitsubishi,Montero,1994,63501.92
145,Etienne,Tart,etart40@intel.com,Lincoln,MKX,2011,30727.03
146,Nita,Vasyunkin,nvasyunkin41@sciencedirect.com,Ford,E350,2004,40479.38
147,Fan,Halliday,fhalliday42@blinklist.com,Honda,Accord,1984,89372.64
148,Kim,Bickerdike,kbickerdike43@comsenz.com,Plymouth,Laser,1991,36811.35
149,Norby,Allso,nallso44@deliciousdays.com,Toyota,"Land Cruiser",1998,38922.15
150,Davina,Buckston,dbuckston45@so-net.ne.jp,Jeep,Cherokee,1994,36826.2
151,Amby,Musto,amusto46@patch.com,Chevrolet,Cavalier,2002,38175.3
152,Matilde,Measor,mmeasor47@stanford.edu,Chevrolet,Avalanche,2009,18958.51
153,Jessalin,Biasini,jbiasini48@360.cn,Chevrolet,"Express 1500",2009,8427.79
154,Courtney,Tatem,ctatem49@state.tx.us,Volkswagen,Corrado,1990,54483.74
155,Regan,Riggott,rriggott4a@java.com,Infiniti,G37,2009,20828.42
156,Isac,Cahey,icahey4b@wix.com,Dodge,Viper,2010,33214.73
157,Fran,Castagnier,fcastagnier4c@samsung.com,Chrysler,300M,2004,9036.21
158,Nikkie,Pierton,npierton4d@google.cn,"Citroën",Seville,1995,16071.16
159,Veronike,Sommerville,vsommerville4e@bluehost.com,Ford,F250,1993,88750.69
160,Calypso,Carrol,ccarrol4f@bloomberg.com,Volvo,C70,1999,41300.22
161,Balduin,Finker,bfinker4g@drupal.org,Mazda,Protege,1997,76426.33
162,Chucho,McLeish,cmcleish4h@businessinsider.com,GMC,"Sierra 1500",2011,6706.67
163,Maurita,Luto,mluto4i@creativecommons.org,Kia,Rio,2003,53091.46
164,Joby,Lunnon,jlunnon4j@flavors.me,Volkswagen,Eurovan,1994,45882.32
165,Kay,Sills,ksills4k@cisco.com,Mazda,MX-3,1993,60963.66
166,Dallas,Dovey,ddovey4l@netscape.com,Toyota,Xtra,1992,40687.52
167,Min,"O'Crevan",mocrevan4m@ovh.net,Subaru,Impreza,2004,71754.03
168,Reagan,Cockarill,rcockarill4n@photobucket.com,Suzuki,Sidekick,1990,51918.08
169,Eimile,Garvey,egarvey4o@bravesites.com,Nissan,Leaf,2011,91876.89
170,Florentia,Firminger,ffirminger4p@discuz.net,Mercedes-Benz,300SE,1992,40897.35
171,Eilis,Fryett,efryett4q@epa.gov,Audi,A6,2003,70498.07
172,Magnum,Agates,magates4r@github.com,Toyota,Celica,2002,88170.92
173,Ardath,Fidele,afidele4s@indiatimes.com,Isuzu,Amigo,1994,72760.56
174,Karyn,Klaas,kklaas4t@va.gov,Mercedes-Benz,"SLK55 AMG",2009,86019.28
175,Millicent,Melton,mmelton4u@msu.edu,BMW,"X5 M",2011,86162.96
176,Elianore,Kinchley,ekinchley4v@icio.us,Mercedes-Benz,W201,1985,10129.23
177,Holt,Hiland,hhiland4w@usatoday.com,"Citroën",Escalade,2008,93484.03
178,Mersey,Bunyard,mbunyard4x@theatlantic.com,Chevrolet,Aveo,2007,51660.63
179,Roth,Friend,rfriend4y@geocities.com,Ford,"Club Wagon",1995,10340.9
180,Fayth,Beaford,fbeaford4z@csmonitor.com,Pontiac,Firebird,1969,89403.6
181,Kira,Giffkins,kgiffkins50@dyndns.org,Chevrolet,"Cobalt SS",2009,69159.74
182,Normand,Whistlecroft,nwhistlecroft51@ft.com,Mercedes-Benz,G-Class,2009,9039
183,Melania,Axleby,maxleby52@github.com,Infiniti,QX56,2012,87904.7
184,Krystle,Lynskey,klynskey53@hubpages.com,Mercury,Mountaineer,2007,81282.28
185,Gradeigh,Stoakes,gstoakes54@facebook.com,Porsche,Cayenne,2005,50925.86
186,Samara,Schott,sschott55@icio.us,Isuzu,Rodeo,1994,22936.43
187,Laryssa,Boughey,lboughey56@friendfeed.com,GMC,"Sierra 1500",2003,67856.26
188,Theodoric,Saladino,tsaladino57@lulu.com,Mercedes-Benz,S-Class,2003,99087.73
189,Kevyn,Songust,ksongust58@unc.edu,Toyota,Avalon,2005,40771.72
190,Hube,Leavold,hleavold59@tinyurl.com,"Land Rover",Freelander,2008,77751.16
191,Paula,McAllaster,pmcallaster5a@plala.or.jp,Buick,Enclave,2009,91804.02
192,Wilhelm,Belliss,wbelliss5b@shutterfly.com,Volkswagen,riolet,1992,70217.69
193,Claiborn,Uttley,cuttley5c@t.co,GMC,"Envoy XL",2003,58200.4
194,Blake,Dallyn,bdallyn5d@smugmug.com,Volkswagen,"Type 2",1989,42607.8
195,Silas,McDyer,smcdyer5e@hhs.gov,Ford,Explorer,2011,7603.89
196,Robinette,Verdie,rverdie5f@princeton.edu,Subaru,Impreza,2005,97148.21
197,Elston,Cato,ecato5g@telegraph.co.uk,Ford,Freestar,2005,50665.83
198,Sergei,Lavery,slavery5h@ustream.tv,Mercury,Villager,1999,67179.03
199,Marybeth,Kimmons,mkimmons5i@webnode.com,Toyota,Avalon,2010,66528.91
200,Rock,Hutchinges,rhutchinges5j@psu.edu,Mitsubishi,Precis,1990,54185.33
201,Artair,Rodenborch,arodenborch5k@indiatimes.com,BMW,"7 Series",2007,91084.72
202,Maddy,Jaram,mjaram5l@yellowpages.com,Ford,Escort,1989,53960.26
203,Brigid,Conniam,bconniam5m@google.com.au,Honda,Prelude,1986,42289.57
204,Brand,Cannicott,bcannicott5n@hud.gov,GMC,Terrain,2010,15385.47
205,Mitchael,Philippe,mphilippe5o@vimeo.com,Plymouth,Neon,1996,6962.86
206,Reid,Ruslen,rruslen5p@sun.com,Mercedes-Benz,"SLR McLaren",2008,64378.82
207,Flem,Banham,fbanham5q@webeden.co.uk,"Land Rover","Range Rover Sport",2006,63879.68
208,Buddy,Luckcuck,bluckcuck5r@opera.com,Chevrolet,Camaro,1992,72889.82
209,Beverly,Chiechio,bchiechio5s@alibaba.com,Mazda,RX-8,2010,91670.78
210,Pall,Fallis,pfallis5t@thetimes.co.uk,Buick,Century,1996,18268.55
211,Claiborn,Kelshaw,ckelshaw5u@shinystat.com,Austin,"Mini Cooper S",1963,9294.48
212,Blythe,Bomfield,bbomfield5v@stumbleupon.com,Chevrolet,Tahoe,2008,45441.57
213,Brandtr,Horlock,bhorlock5w@psu.edu,Ford,"F-350 Super Duty",2006,70173.06
214,Mario,Devers,mdevers5x@sohu.com,Ford,Thunderbird,2005,46418.58
215,Shannon,Pau,spau5y@zdnet.com,Dodge,"Dakota Club",1993,17941.83
216,Jecho,Buckbee,jbuckbee5z@marriott.com,Suzuki,Forenza,2004,74479.59
217,Doria,McAlpine,dmcalpine60@virginia.edu,Chevrolet,Cavalier,1993,44158.73
218,Goran,McFetrich,gmcfetrich61@mapy.cz,Suzuki,Forenza,2005,21348.08
219,Reece,Betts,rbetts62@intel.com,Volkswagen,Cabriolet,1992,77718.61
220,Elbert,Tallowin,etallowin63@jiathis.com,Suzuki,Aerio,2007,17782.25
221,Cinnamon,Morat,cmorat64@blogtalkradio.com,Dodge,"Ram 2500",1996,55639.45
222,Tab,Gibbeson,tgibbeson65@nymag.com,Saturn,L-Series,2000,13862.68
223,Olivier,Blackborough,oblackborough66@hibu.com,Lexus,SC,2002,96393.19
224,Humfrey,Haylor,hhaylor67@ning.com,Saturn,VUE,2002,84861.46
225,Leshia,Knappitt,lknappitt68@hao123.com,Ford,Bronco,1993,34746.96
226,Hill,Boat,hboat69@prlog.org,Ford,F250,2008,14295.68
227,Nicoli,Bellee,nbellee6a@forbes.com,Volkswagen,Golf,2003,36889.87
228,Mora,Collicott,mcollicott6b@yelp.com,Acura,Integra,1999,45273.76
229,Hoebart,Kidder,hkidder6c@newyorker.com,GMC,Jimmy,2001,76431.39
230,Dorey,Lisciandro,dlisciandro6d@princeton.edu,Suzuki,Swift,1998,24210.4
231,Zacharias,Kempton,zkempton6e@wired.com,Mazda,B2500,2001,45238.14
232,Vita,Sumpner,vsumpner6f@cnbc.com,Ford,GT,2005,21877.22
233,Alleen,Cruce,acruce6g@tamu.edu,Pontiac,"Grand Prix",1973,43847.42
234,Giselbert,Huggett,ghuggett6h@dot.gov,Honda,Odyssey,1999,83564.1
235,Toby,Barniss,tbarniss6i@paginegialle.it,Ford,F150,2011,41722.67
236,Miriam,Attewill,mattewill6j@google.co.uk,Dodge,Avenger,2011,24409.54
237,Norman,Wyon,nwyon6k@delicious.com,Lincoln,Continental,1990,86306.17
238,Jackelyn,Kuna,jkuna6l@ask.com,Pontiac,Bonneville,1964,58929.03
239,Gabriela,Trolley,gtrolley6m@oracle.com,Ford,E-Series,1986,81890.97
240,Xever,Wringe,xwringe6n@tinypic.com,Isuzu,i-280,2006,72658.67
241,Trefor,Ohrtmann,tohrtmann6o@blinklist.com,Infiniti,Q,2004,96626.7
242,Devin,McArthur,dmcarthur6p@domainmarket.com,Mercedes-Benz,W201,1991,30217.63
243,Pincas,Swalteridge,pswalteridge6q@ehow.com,Saturn,Outlook,2007,18442.54
244,Emmalyn,Curnow,ecurnow6r@whitehouse.gov,Audi,4000s,1985,5169.36
245,Benito,Caccavale,bcaccavale6s@printfriendly.com,Subaru,Loyale,1990,63958.42
246,Daniela,Nutton,dnutton6t@cbsnews.com,Honda,Fit,2012,53056.62
247,Kessia,Grimmett,kgrimmett6u@scribd.com,Jeep,Comanche,1992,95163.39
248,Ode,Coull,ocoull6v@diigo.com,Isuzu,i-350,2006,83270.82
249,Dorey,Maass,dmaass6w@google.pl,Volkswagen,Scirocco,1984,22123.85
250,Doroteya,Cowins,dcowins6x@unc.edu,"Land Rover",Defender,1994,78886.86
251,Reggie,Goligher,rgoligher6y@npr.org,Ford,E150,2012,43537.93
252,Dulcia,Killgus,dkillgus6z@exblog.jp,"Citroën",Fleetwood,1995,95847.86
253,Bay,Gricewood,bgricewood70@businessweek.com,Porsche,Boxster,2001,40451.86
254,Leonora,Penritt,lpenritt71@github.com,Dodge,"Ram 2500 Club",1995,71692.19
255,Myer,Wilacot,mwilacot72@baidu.com,Acura,MDX,2003,69113.07
256,Auberta,Bagnall,abagnall73@hibu.com,Ford,F250,1997,92258.63
257,Chad,Benko,cbenko74@unblog.fr,Mercedes-Benz,E-Class,2009,28282.88
258,Muire,Pinnegar,mpinnegar75@tumblr.com,Nissan,Altima,1996,46715.07
259,Gui,Minthorpe,gminthorpe76@hao123.com,Mitsubishi,"Mighty Max Macro",1993,56946.94
260,Siana,Hinken,shinken77@slideshare.net,GMC,"Savana 1500",2000,86244.4
261,Audrey,Norwich,anorwich78@theguardian.com,Lexus,ES,2004,79127.51
262,Sonya,Torrie,storrie79@unblog.fr,Mazda,Protege5,2002,85066.54
263,Amanda,Bunten,abunten7a@ca.gov,Audi,A6,2003,59050.79
264,Steven,Worsam,sworsam7b@blogtalkradio.com,Nissan,Pathfinder,2001,43252.2
265,Kellia,Antonias,kantonias7c@squarespace.com,McLaren,MP4-12C,2012,59020.41
266,Granville,Bulley,gbulley7d@apache.org,Volvo,V70,2006,58612.22
267,Elvis,Tweddle,etweddle7e@sitemeter.com,Toyota,Tacoma,2006,88120.92
268,Thorpe,Strangward,tstrangward7f@squidoo.com,Pontiac,Torrent,2008,57500.27
269,Goober,Reddie,greddie7g@yahoo.co.jp,Ford,Thunderbird,1991,16199.41
270,Padraig,Howood,phowood7h@forbes.com,GMC,"Savana 1500",2004,23741.9
271,Jinny,Harlick,jharlick7i@timesonline.co.uk,Oldsmobile,Alero,2001,76194.15
272,Storm,Karchewski,skarchewski7j@1und1.de,Hyundai,Azera,2009,90177.18
273,Renie,Scanderet,rscanderet7k@slashdot.org,Mazda,MX-6,1993,45888.53
274,Elyssa,Ferrar,eferrar7l@tuttocitta.it,Mitsubishi,"Mighty Max Macro",1994,5826.29
275,Izzy,Gritten,igritten7m@house.gov,Mitsubishi,Pajero,1999,67599.79
276,Sabrina,Pinshon,spinshon7n@instagram.com,Ford,Contour,1995,73851.14
277,Alfie,McQuie,amcquie7o@netvibes.com,Pontiac,GTO,1970,40567.52
278,Sonnie,Priestnall,spriestnall7p@etsy.com,Mitsubishi,Outlander,2005,44467.28
279,Hildagarde,Gwyn,hgwyn7q@bbb.org,BMW,745,2004,33546.94
280,Sibyl,Kleinerman,skleinerman7r@gov.uk,Mercedes-Benz,G-Class,2006,96797.15
281,Stearne,Posselwhite,sposselwhite7s@nasa.gov,Toyota,"Tacoma Xtra",2004,10592.62
282,Tibold,Praten,tpraten7t@icio.us,BMW,545,2004,33939.92
283,Fulton,Jzhakov,fjzhakov7u@admin.ch,Volkswagen,Golf,2010,19943.32
284,Goldia,Phillps,gphillps7v@dot.gov,Ford,Ranger,2002,24844.64
285,Marianna,Plewright,mplewright7w@apache.org,Chevrolet,"Silverado 1500",2004,44727.86
286,Niccolo,Moresby,nmoresby7x@storify.com,Mercedes-Benz,S-Class,2003,78284.05
287,Rosy,Heaffey,rheaffey7y@multiply.com,Mercedes-Benz,SL-Class,1999,9230.11
288,Nadiya,MacConnulty,nmacconnulty7z@yelp.com,Subaru,Tribeca,2008,5714.55
289,Erna,Harmer,eharmer80@state.gov,Chevrolet,"G-Series 1500",1996,42160.72
290,Phip,Jeaycock,pjeaycock81@ted.com,Toyota,4Runner,2010,86034.59
291,Benedick,Popelay,bpopelay82@blog.com,Mazda,323,1992,24153.8
292,Ainslie,Dungey,adungey83@dot.gov,Ford,Ranger,1989,98145.61
293,Franky,McCurt,fmccurt84@answers.com,Ford,Aerostar,1986,98198.42
294,Saudra,Bullant,sbullant85@newyorker.com,Chevrolet,Metro,1998,66275.61
295,Roslyn,Treppas,rtreppas86@scientificamerican.com,BMW,545,2004,68217.27
296,Chet,Goodliff,cgoodliff87@msu.edu,Isuzu,Rodeo,1993,18736.07
297,Quincey,Clowes,qclowes88@dropbox.com,Toyota,Celica,1983,34009.4
298,Betsy,Chilver,bchilver89@addtoany.com,Lincoln,"Town Car",2001,83776.97
299,Timmy,Gorner,tgorner8a@gnu.org,GMC,Sonoma,1997,33644.33
300,Stormie,Wife,swife8b@businesswire.com,Ford,F-Series,1996,80912.94
301,Gizela,Hawkwood,ghawkwood8c@google.de,Mercury,Monterey,2004,68972.07
302,Trey,Loomis,tloomis8d@hexun.com,Maserati,Spyder,1989,27873.83
303,Chrissie,Somerton,csomerton8e@buzzfeed.com,Mercury,Tracer,1992,38013.77
304,Chloette,Teaz,cteaz8f@over-blog.com,Ford,E150,1984,67946.45
305,Hally,George,hgeorge8g@sciencedaily.com,Porsche,944,1986,90002.52
306,Jacintha,Doree,jdoree8h@flickr.com,GMC,Safari,2001,27364.14
307,Dita,Coxon,dcoxon8i@jiathis.com,Bentley,"Continental Super",2012,80803.09
308,Urson,Hartrick,uhartrick8j@skyrock.com,Porsche,944,1987,66432.78
309,Kaela,Vobes,kvobes8k@arstechnica.com,Mazda,B-Series,1999,22695.4
310,Ashil,Frankowski,afrankowski8l@bigcartel.com,Volvo,XC70,2010,18552.89
311,Angy,Fodden,afodden8m@sphinn.com,Buick,Skylark,1989,41412.34
312,Tracie,Tree,ttree8n@sina.com.cn,Mercedes-Benz,SL-Class,1997,9849.83
313,Padraig,Twidale,ptwidale8o@w3.org,Mitsubishi,Pajero,1997,37372.59
314,Karlotte,Verriour,kverriour8p@comsenz.com,Lexus,GS,2007,65742.5
315,Katheryn,Foulds,kfoulds8q@hatena.ne.jp,Toyota,Tacoma,2000,37744.4
316,Rooney,Milsted,rmilsted8r@newsvine.com,Toyota,Xtra,1995,65009.83
317,Ashbey,Swann,aswann8s@china.com.cn,Fillmore,Fillmore,1960,36011.43
318,Patti,Antoszewski,pantoszewski8t@360.cn,Dodge,Viper,1997,83568.82
319,Jannelle,Durban,jdurban8u@delicious.com,MINI,Cooper,2003,53197.46
320,Kele,Eagan,keagan8v@constantcontact.com,Ford,E150,2012,10038.92
321,Jermaine,Kille,jkille8w@dion.ne.jp,Lamborghini,Countach,1986,81846.76
322,Kayne,Pomphrey,kpomphrey8x@barnesandnoble.com,Audi,A3,2006,84112.06
323,Mariska,Maharey,mmaharey8y@squarespace.com,Mitsubishi,Eclipse,2005,56359.65
324,Catie,McCrie,cmccrie8z@tmall.com,Maserati,Quattroporte,1984,56273.75
325,Hirsch,Berrey,hberrey90@smugmug.com,Isuzu,Trooper,1995,65675.23
326,Hilario,Conrath,hconrath91@ycombinator.com,Ford,Escape,2010,23548.24
327,Kevina,Robertet,krobertet92@google.com.br,Chevrolet,Uplander,2006,51491.19
328,Kiele,Ruskin,kruskin93@intel.com,Chevrolet,"Suburban 2500",2012,93003.43
329,Mallory,Flaubert,mflaubert94@ocn.ne.jp,Mazda,MX-6,1989,10435.88
330,Lyell,Ribou,lribou95@accuweather.com,Mercedes-Benz,SL-Class,1995,64474.32
331,Waylon,Bergstram,wbergstram96@ustream.tv,Pontiac,Firebird,1967,60402.2
332,Diandra,Couchman,dcouchman97@diigo.com,Porsche,Boxster,2003,39099.37
333,Wallache,Terzi,wterzi98@bigcartel.com,Ford,Thunderbird,1993,24936.65
334,Lovell,Rispin,lrispin99@businessinsider.com,Mercury,Marquis,1985,61769.1
335,Rakel,Benazet,rbenazet9a@qq.com,Merkur,XR4Ti,1985,94450.5
336,Nicolis,Cowlishaw,ncowlishaw9b@google.com,Chevrolet,Camaro,1997,74475.78
337,Demetris,Trousdell,dtrousdell9c@de.vu,Dodge,"Ram Van 3500",1995,80192.29
338,Hy,Hughlock,hhughlock9d@discovery.com,Mercedes-Benz,"SLR McLaren",2008,25195.3
339,Abe,Hollyer,ahollyer9e@time.com,BMW,"5 Series",2001,48458.11
340,Bellina,Corran,bcorran9f@dion.ne.jp,Aptera,Type-1h,2010,24556.01
341,Sergent,Gors,sgors9g@google.fr,Jaguar,XF,2009,94837.75
342,Erek,Pigden,epigden9h@craigslist.org,Mitsubishi,Mirage,1988,18477.58
343,Cristiano,Beverage,cbeverage9i@yale.edu,Volkswagen,Passat,1995,15718.25
344,Audra,Buddleigh,abuddleigh9j@weather.com,Chevrolet,"Silverado 2500",2001,65673.71
345,Neely,Hovell,nhovell9k@moonfruit.com,Nissan,370Z,2012,36718
346,Dedie,Giller,dgiller9l@slashdot.org,Chevrolet,"Silverado 3500",2002,45304.87
347,Toma,Rigler,trigler9m@businessinsider.com,Mercedes-Benz,CL-Class,2006,57807.68
348,Seymour,Folbige,sfolbige9n@istockphoto.com,Lincoln,"Continental Mark VII",1986,59124.05
349,Selig,Bloore,sbloore9o@google.fr,Pontiac,Torrent,2008,33923.49
350,Gratiana,Sare,gsare9p@technorati.com,Audi,S8,2007,47442.32
351,Clem,Sparrow,csparrow9q@illinois.edu,Dodge,D150,1993,43342.62
352,Fonzie,Rainsdon,frainsdon9r@ft.com,Lincoln,"Town Car",2000,73180.37
353,Jasen,Colledge,jcolledge9s@hc360.com,Audi,A6,2005,5954.37
354,Franklin,Scotchmoor,fscotchmoor9t@cafepress.com,Acura,TL,1996,86586.82
355,Edin,McKenzie,emckenzie9u@php.net,Chevrolet,S10,1997,60290.42
356,Tuckie,Goodsell,tgoodsell9v@phpbb.com,Subaru,SVX,1996,26491.84
357,Ivette,Joiris,ijoiris9w@msn.com,Volvo,240,1992,99438.95
358,Demetris,Brokenshaw,dbrokenshaw9x@state.gov,Dodge,Charger,1999,91065.25
359,Harald,Arderne,harderne9y@jigsy.com,Ford,Bronco,1985,32936.53
360,Rochelle,Hardinge,rhardinge9z@dailymail.co.uk,Pontiac,"Trans Sport",1992,66502.27
361,Shurwood,Pennrington,spennringtona0@de.vu,BMW,X5,2012,71633.97
362,Krystal,Becker,kbeckera1@gnu.org,Acura,Legend,1995,71965.98
363,Jacinda,Dingle,jdinglea2@ed.gov,"Land Rover",Discovery,2002,82565.73
364,Rafael,Garcia,rgarciaa3@gnu.org,"Citroën",Eldorado,1995,29322.06
365,Janice,Muddimer,jmuddimera4@hatena.ne.jp,Mercury,"Grand Marquis",2003,73605.37
366,Sinclare,Roelvink,sroelvinka5@mayoclinic.com,Mazda,MX-6,1994,17831.19
367,Ellie,Igoe,eigoea6@myspace.com,Dodge,Caravan,2005,80062.86
368,Linn,Chasier,lchasiera7@wikispaces.com,GMC,"Savana 1500",2011,77263.28
369,Egbert,Phillipp,ephillippa8@stanford.edu,Chrysler,Cirrus,2000,67637.21
370,Cornie,Fothergill,cfothergilla9@ezinearticles.com,Honda,Pilot,2002,59987.96
371,Odelle,Snelman,osnelmanaa@hostgator.com,Chevrolet,Camaro,1974,51665.05
372,Audi,Puvia,apuviaab@quantcast.com,Chevrolet,Silverado,2003,70772.27
373,Jerrome,Leinster,jleinsterac@latimes.com,Chevrolet,"G-Series 1500",1998,73011.5
374,Benton,Froment,bfromentad@illinois.edu,Volkswagen,Golf,1992,5145.98
375,Adriana,Trobey,atrobeyae@wisc.edu,BMW,M3,2001,65525.83
376,Tomas,Civitillo,tcivitilloaf@newsvine.com,GMC,"Sierra 3500",2008,41830.43
377,Sosanna,Slainey,sslaineyag@slideshare.net,Chevrolet,Impala,2008,66287.62
378,Wolfgang,Drakes,wdrakesah@e-recht24.de,Volkswagen,"Jetta III",1993,53032.59
379,Janine,Toulch,jtoulchai@smugmug.com,Mitsubishi,Diamante,1994,40373.81
380,Cathe,Baudi,cbaudiaj@github.com,Hyundai,Accent,2003,51943.23
381,Jillana,Huxter,jhuxterak@123-reg.co.uk,Jaguar,"XK Series",2013,50590.09
382,Herschel,Fedorski,hfedorskial@mashable.com,Chrysler,300,2006,73968.87
383,Sterne,Winspare,swinspaream@statcounter.com,Volkswagen,"Jetta III",1994,49557.19
384,Tris,Treagust,ttreagustan@reference.com,Buick,Skyhawk,1987,20895.03
385,Katrina,Allchorn,kallchornao@who.int,Geo,Tracker,1992,75779.82
386,Theobald,Brockwell,tbrockwellap@surveymonkey.com,Lexus,"RX Hybrid",2008,24182.83
387,Dale,Rois,droisaq@mediafire.com,Mazda,MPV,1992,27706.78
388,Zachariah,Gard,zgardar@printfriendly.com,Mazda,Tribute,2003,29337.2
389,Pincus,Beevis,pbeevisas@xinhuanet.com,Ford,Freestyle,2006,6674.9
390,Angie,Turfs,aturfsat@pen.io,Ford,F250,2010,39664.33
391,Zena,Varran,zvarranau@dedecms.com,Saturn,Relay,2006,26822.33
392,Ira,Keyzman,ikeyzmanav@imgur.com,Mazda,RX-8,2005,76790.19
393,Merci,Syddon,msyddonaw@amazon.co.jp,Jeep,"Grand Cherokee",1999,12886.46
394,Carce,Leeds,cleedsax@bloomberg.com,Pontiac,1000,1986,95514.59
395,Smitty,Gherardesci,sgherardesciay@weather.com,Volkswagen,Golf,2000,64747.1
396,Katerine,Webb-Bowen,kwebbbowenaz@last.fm,Hummer,H2,2005,84570.57
397,Sayers,Birchett,sbirchettb0@163.com,GMC,"Savana 1500",2011,49638.91
398,Robb,Huntley,rhuntleyb1@tripadvisor.com,Jeep,Patriot,2011,89183.11
399,Garner,Walkingshaw,gwalkingshawb2@macromedia.com,Isuzu,Hombre,1999,42770.98
400,Grissel,Hysom,ghysomb3@cocolog-nifty.com,Mitsubishi,Mirage,1996,54938.85
401,Ignatius,Goncaves,igoncavesb4@hibu.com,Audi,S8,2008,92350.52
402,Laurel,Castille,lcastilleb5@skyrock.com,Mazda,626,1988,95179.02
403,Doyle,Shipton,dshiptonb6@lycos.com,Chevrolet,Caprice,1991,24923.76
404,Arin,Pre,apreb7@miibeian.gov.cn,Mercedes-Benz,SLK-Class,1998,86818.6
405,Averill,Astell,aastellb8@google.com.au,Infiniti,G,1996,71346.22
406,Violette,Vigars,vvigarsb9@usgs.gov,Dodge,Ram,2009,59110.28
407,Hube,Cutchee,hcutcheeba@tmall.com,Mazda,Familia,1990,32703.22
408,Dianne,Redding,dreddingbb@nps.gov,Chevrolet,Tahoe,2006,93893.68
409,Shannah,Tomblings,stomblingsbc@macromedia.com,Mazda,626,1995,15318.53
410,Fernande,Erricker,ferrickerbd@parallels.com,Chevrolet,Metro,2001,80699.62
411,Hercule,Weinham,hweinhambe@yahoo.com,Lexus,IS-F,2012,43189.75
412,Cecil,Castagnier,ccastagnierbf@sina.com.cn,Volkswagen,Jetta,2008,36348
413,Roxanne,Blaney,rblaneybg@weibo.com,Honda,Insight,2004,62826.16
414,Adriane,Riddler,ariddlerbh@engadget.com,Jaguar,XF,2012,31920.5
415,Bobbette,Jouanot,bjouanotbi@intel.com,Ford,F150,2009,61935.05
416,Romona,Feaks,rfeaksbj@reverbnation.com,Pontiac,Firebird,1987,48144.79
417,Midge,Shannon,mshannonbk@printfriendly.com,Mercedes-Benz,300SE,1993,62454.62
418,Barbey,Wey,bweybl@gravatar.com,Toyota,Echo,2004,38398.9
419,Robin,Vasyunichev,rvasyunichevbm@google.com.au,Buick,Regal,2011,81765.61
420,Fredi,Hadwen,fhadwenbn@fotki.com,Pontiac,Firebird,1994,17277.43
421,Inglebert,Seyers,iseyersbo@google.co.jp,Volkswagen,Fox,1993,68646.64
422,Harlie,Wheal,hwhealbp@nature.com,BMW,X3,2009,25364.95
423,Ira,Clayworth,iclayworthbq@princeton.edu,Lexus,IS-F,2008,19162.5
424,Normy,Roggeman,nroggemanbr@vistaprint.com,GMC,Canyon,2008,30621.81
425,Chevy,Jaulme,cjaulmebs@wix.com,Acura,NSX,1994,39955.27
426,Rois,Girt,rgirtbt@liveinternet.ru,Hyundai,Entourage,2009,99646.3
427,Michelle,Brownrigg,mbrownriggbu@nih.gov,Jeep,Liberty,2005,13228.31
428,Sloane,Cottis,scottisbv@nasa.gov,Oldsmobile,Alero,1999,51508.57
429,Cyrill,Gjerde,cgjerdebw@slideshare.net,GMC,Acadia,2008,12427.82
430,Willyt,Caldwell,wcaldwellbx@google.ca,Porsche,914,1970,41345.36
431,Spence,Islip,sislipby@clickbank.net,Chevrolet,APV,1993,54930.11
432,Olenolin,Saxelby,osaxelbybz@hubpages.com,Mercury,"Grand Marquis",2007,93081.9
433,Douglas,McDaid,dmcdaidc0@dailymail.co.uk,Ford,E350,2005,33950.72
434,Una,Preble,upreblec1@ask.com,Jeep,Commander,2009,93799.35
435,Sloan,James,sjamesc2@hubpages.com,Ford,F250,2000,61265.23
436,Axel,"O'Dogherty",aodoghertyc3@symantec.com,Pontiac,"Grand Prix",1978,13599.95
437,Hakeem,Messenger,hmessengerc4@spiegel.de,Volkswagen,Golf,1987,19807.06
438,Casie,Crichmere,ccrichmerec5@ibm.com,Acura,TL,2000,24088
439,Joletta,Brauner,jbraunerc6@stumbleupon.com,Chevrolet,"Malibu Maxx",2006,94812.22
440,Marven,Hughes,mhughesc7@tripadvisor.com,Ford,"LTD Crown Victoria",1986,68302.64
441,Horacio,Imbrey,himbreyc8@google.fr,Oldsmobile,Regency,1997,29403.41
442,Ketti,Heaton,kheatonc9@marriott.com,Honda,Fit,2010,17504.79
443,Rodge,Brimilcombe,rbrimilcombeca@wp.com,Mazda,929,1993,29426.98
444,Anatollo,Robens,arobenscb@blogspot.com,Nissan,Titan,2008,45472.08
445,Shurlock,Albany,salbanycc@gizmodo.com,Pontiac,Gemini,1989,33548.91
446,Alysia,Dallon,adalloncd@usgs.gov,Spyker,"C8 Laviolette",2004,69484.3
447,Trumaine,Ransbury,transburyce@bigcartel.com,GMC,"Rally Wagon 3500",1994,24001.34
448,Levon,Louisot,llouisotcf@dailymail.co.uk,Jaguar,"XK Series",1998,5065.98
449,Sapphira,Batey,sbateycg@intel.com,Hyundai,Tiburon,2007,94315.22
450,Atlante,Chrystal,achrystalch@sourceforge.net,Chevrolet,"Express 2500",2006,15282.81
451,Natty,Faire,nfaireci@scribd.com,Suzuki,Aerio,2004,35246.04
452,Gray,Pitts,gpittscj@wordpress.com,Mercury,Mountaineer,2004,77719.11
453,Wendeline,Bottrell,wbottrellck@comsenz.com,Buick,Reatta,1989,95151.77
454,Bary,Waight,bwaightcl@mozilla.com,Suzuki,Forenza,2008,15337.69
455,Camey,Petrou,cpetroucm@hhs.gov,Suzuki,Reno,2005,12888.22
456,Marieann,Kew,mkewcn@ehow.com,Dodge,"Ram 2500 Club",1996,46289.39
457,Carroll,Laingmaid,claingmaidco@cloudflare.com,Mitsubishi,Pajero,1997,41439.71
458,Cirstoforo,Macilhench,cmacilhenchcp@technorati.com,GMC,Savana,2011,37183.48
459,Romeo,Ginie,rginiecq@paypal.com,Jeep,"Grand Cherokee",1998,52421.13
460,Yancey,Mateiko,ymateikocr@dropbox.com,Pontiac,Montana,2005,75401.96
461,Dita,Lethby,dlethbycs@ezinearticles.com,Volvo,V50,2008,71350.6
463,Candi,Celiz,ccelizcu@dell.com,Toyota,Paseo,1992,24385.4
464,Prissie,Shardlow,pshardlowcv@foxnews.com,Mitsubishi,"Montero Sport",2003,83172.15
465,Teodorico,Janata,tjanatacw@dailymotion.com,Dodge,Dakota,2005,10959.5
466,Horatio,Drewes,hdrewescx@issuu.com,Mazda,626,1999,90618.18
467,Nikolia,Arlott,narlottcy@hc360.com,Dodge,"Ram Van 2500",2003,51625.81
468,Nita,Jancic,njanciccz@amazon.co.uk,Mercedes-Benz,S-Class,2000,53733.72
469,Wallis,Hannum,whannumd0@hc360.com,Daewoo,Nubira,2002,95596.93
470,Margalo,Murdy,mmurdyd1@a8.net,Spyker,"C8 Spyder Wide Body",2004,12089.06
471,Charlton,Keasy,ckeasyd2@istockphoto.com,Chevrolet,"G-Series G30",1993,56648.01
472,Rabi,Havick,rhavickd3@woothemes.com,GMC,"1500 Club Coupe",1997,41890.71
473,Harris,Obray,hobrayd4@bbb.org,Lincoln,Continental,2002,94546.4
474,Kayley,Connal,kconnald5@blog.com,Pontiac,Firefly,1994,85387.04
475,Briano,Spino,bspinod6@photobucket.com,Mazda,MX-5,2006,52369.96
476,Tyne,Dufer,tduferd7@yellowpages.com,Hyundai,XG350,2003,62938.09
477,Kathleen,Oldroyd,koldroydd8@va.gov,BMW,X6,2010,91477.68
478,Susan,Satterly,ssatterlyd9@google.ca,Infiniti,QX,2008,63914.84
479,Stillman,Najafian,snajafianda@dropbox.com,Ford,Explorer,2011,52825.25
480,Lauryn,Detheridge,ldetheridgedb@latimes.com,Geo,Prizm,1994,53279.72
481,Jase,Cable,jcabledc@google.it,Chevrolet,Prizm,1998,5951.12
482,Doy,Ughi,dughidd@nytimes.com,Jaguar,"XJ Series",1994,70644.31
483,Bern,Aris,barisde@mlb.com,Ford,F250,2003,43034.86
484,Wendel,"O'Cannavan",wocannavandf@over-blog.com,GMC,Safari,1997,95373.86
485,Lutero,Hawksley,lhawksleydg@mtv.com,Suzuki,Esteem,1998,68235.29
486,Clarinda,Tripney,ctripneydh@ask.com,Acura,NSX,1998,47674.45
487,Derick,Dadley,ddadleydi@statcounter.com,Volkswagen,Eurovan,1993,38996.57
488,Darin,Klemke,dklemkedj@cnn.com,Chrysler,"Fifth Ave",1993,76655.57
489,Audrye,Hourahan,ahourahandk@apache.org,Lincoln,Navigator,1998,83412.84
490,Belva,Dullingham,bdullinghamdl@indiegogo.com,Eagle,Summit,1995,39739.51
491,Shem,Gravenor,sgravenordm@newyorker.com,Maserati,Quattroporte,2011,22824.02
492,Cody,MacColl,cmaccolldn@canalblog.com,Honda,Fit,2007,93380.32
493,Danila,Goldin,dgoldindo@google.com.br,Toyota,Sequoia,2002,94804.67
494,Katinka,Delafoy,kdelafoydp@oaic.gov.au,Ford,F-Series,2010,45858.26
495,Robinetta,Gonthard,rgontharddq@live.com,Mitsubishi,Montero,1996,98459.48
496,Sawyer,Kembrey,skembreydr@drupal.org,Chrysler,Voyager,2001,60018.86
497,Zebedee,Scutching,zscutchingds@yolasite.com,Mitsubishi,Mirage,2000,99522.57
498,Sebastien,Bemrose,sbemrosedt@google.de,Pontiac,"Grand Prix",1988,97137.15
499,Jessee,Davidesco,jdavidescodu@amazon.com,Chevrolet,Camaro,1973,70168.63
500,Hamnet,Maudlin,hmaudlindv@cnn.com,"Citroën","Escalade EXT",2007,81862.86
501,Lucila,Convery,lconverydw@plala.or.jp,Maserati,Biturbo,1985,14389.85
502,Karyl,Ebunoluwa,kebunoluwadx@sina.com.cn,Austin,"Mini Cooper",1964,61733.17
503,Billie,Dudny,bdudnydy@studiopress.com,GMC,"Savana 3500",2000,74332.47
504,Sollie,Koubek,skoubekdz@arstechnica.com,Scion,xD,2012,96221.91
505,Darb,Kinnane,dkinnanee0@dagondesign.com,Kia,Sephia,2001,69864.81
506,Raven,Arstall,rarstalle1@flickr.com,"Citroën",STS,2007,83507.86
507,Morlee,Mebes,mmebese2@gizmodo.com,Ford,Expedition,2009,55187.24
508,Marcelle,McCrow,mmccrowe3@cbsnews.com,Ford,Explorer,2011,26435.8
509,Jarred,Murgatroyd,jmurgatroyde4@sbwire.com,Ford,F-Series,1992,41353.48
510,Louise,Cuerdale,lcuerdalee5@purevolume.com,Ford,F150,2010,25349.41
511,Camala,Alison,calisone6@earthlink.net,Volkswagen,rio,1998,39637.96
512,Woodrow,Robart,wrobarte7@unicef.org,Mazda,CX-9,2010,48405.16
513,Elladine,Whitelaw,ewhitelawe8@people.com.cn,Mercedes-Benz,C-Class,2002,99124.89
514,Denney,Ayllett,dayllette9@squidoo.com,Subaru,Forester,2000,62512.34
515,Christiana,Macari,cmacariea@wunderground.com,Mitsubishi,Starion,1984,28374.94
516,Alexei,Olenin,aolenineb@jugem.jp,Subaru,Impreza,2007,48398.55
517,Pia,Giacovazzo,pgiacovazzoec@trellian.com,Lamborghini,Diablo,2001,36790.24
518,Constantine,Ambrodi,cambrodied@cdc.gov,Dodge,Daytona,1993,58677.42
519,Kingsley,Stutt,kstuttee@china.com.cn,GMC,"Savana 3500",2006,12057.17
520,Jaquenetta,Laughton,jlaughtonef@sitemeter.com,Chevrolet,Venture,2004,29290.08
521,Melicent,Meletti,mmelettieg@hhs.gov,BMW,330,2005,36804.42
522,Gallagher,Rutt,grutteh@1688.com,Audi,A8,2004,49386.21
523,Andree,Dimitrie,adimitrieei@feedburner.com,Pontiac,"Daewoo Kalos",2005,40773.58
524,Tanny,Assel,tasselej@apache.org,Pontiac,"Grand Am",1985,93229.6
525,Dorothy,Basford,dbasfordek@mysql.com,Saab,9-5,2010,49813.37
526,Asher,Wherton,awhertonel@php.net,Chevrolet,"Express 1500",2000,96799.22
527,Happy,Pickton,hpicktonem@bluehost.com,Mitsubishi,Diamante,2000,22323.06
528,Emelita,Kleisle,ekleisleen@amazon.co.uk,Jaguar,XK,2010,87056.4
529,Nanine,Klimpke,nklimpkeeo@goo.ne.jp,Volvo,XC90,2004,55116.22
530,Jethro,MacAscaidh,jmacascaidhep@un.org,Oldsmobile,Cutlass,1998,86590.48
531,Una,Thor,uthoreq@slashdot.org,Kia,Carens,2008,43832.93
532,Judas,Davidi,jdavidier@netvibes.com,Mitsubishi,3000GT,1994,88831.41
533,Wilt,Hanhard,whanhardes@engadget.com,Toyota,Supra,1992,19284.97
534,Conni,Battlestone,cbattlestoneet@toplist.cz,Lamborghini,Gallardo,2007,47543.51
535,Fanni,Guynemer,fguynemereu@studiopress.com,Dodge,Caravan,1994,70745.9
536,Madlen,Backshall,mbackshallev@scribd.com,Pontiac,"Grand Prix",1990,93070.2
537,Glennis,Cotty,gcottyew@apple.com,Suzuki,Esteem,1998,88905.63
538,Arlee,Wadlow,awadlowex@yellowbook.com,GMC,"1500 Club Coupe",1994,24646.11
539,Zolly,Grinov,zgrinovey@deviantart.com,Bugatti,Veyron,2011,87043.9
541,Lolita,Birchenough,lbirchenoughf0@nymag.com,"Land Rover","Range Rover",1993,20877.75
542,Aloysius,Oxherd,aoxherdf1@about.com,Chevrolet,Equinox,2006,90792.15
543,Vaclav,Majury,vmajuryf2@rambler.ru,Ford,F150,1997,37953.66
544,Sherry,Gayle,sgaylef3@t.co,GMC,"2500 Club Coupe",1992,52655.26
545,Bibby,Sawford,bsawfordf4@amazon.co.jp,Chevrolet,Avalanche,2011,38749.77
546,Berti,Vibert,bvibertf5@ucla.edu,Chevrolet,Cobalt,2005,19538.64
547,Tony,Mertgen,tmertgenf6@usgs.gov,Ford,"Econoline E150",1996,91721.37
548,Rakel,Piscotti,rpiscottif7@prnewswire.com,Mazda,MX-6,1992,39334.1
549,Marlena,Abells,mabellsf8@miibeian.gov.cn,"Citroën","Escalade EXT",2007,9129.03
550,Scotti,Debrick,sdebrickf9@unblog.fr,Nissan,GT-R,2012,39345.19
551,Tootsie,Sydry,tsydryfa@themeforest.net,Chevrolet,2500,1992,25350.59
552,Sella,Beamson,sbeamsonfb@vk.com,Pontiac,"Grand Am",1991,42968.22
553,Celinka,Gyrgorwicx,cgyrgorwicxfc@bigcartel.com,Porsche,Cayman,2010,40785.71
554,Maurie,Tiery,mtieryfd@prnewswire.com,"Land Rover","Range Rover",2009,31506.52
555,Hildagarde,Sheivels,hsheivelsfe@sitemeter.com,GMC,Envoy,2007,90387.98
556,Kayle,Eidelman,keidelmanff@themeforest.net,Hummer,H1,1996,51691.87
557,Karrah,Stillmann,kstillmannfg@unesco.org,Mercury,Milan,2011,13170.94
558,Max,Aikin,maikinfh@liveinternet.ru,Ford,Thunderbird,2005,19292.22
559,Stormy,McAnellye,smcanellyefi@tamu.edu,Mercury,Cougar,1990,57168.09
560,Benedikta,Thunnerclef,bthunnercleffj@theguardian.com,Mitsubishi,Truck,1985,6397.14
561,Bradan,Savins,bsavinsfk@acquirethisname.com,Plymouth,Laser,1993,45337.49
562,Blanche,Bell,bbellfl@sbwire.com,Maybach,57,2003,42214.45
563,Shayne,Juszczak,sjuszczakfm@sitemeter.com,Dodge,"Grand Caravan",1999,95189.38
564,Gill,Willbond,gwillbondfn@usda.gov,Chevrolet,Suburban,2010,62671.82
565,Roseanna,Kilner,rkilnerfo@jigsy.com,Bentley,"Continental Super",2010,53947.57
566,Cristi,Gregersen,cgregersenfp@google.es,Chevrolet,Suburban,2009,65111.05
567,Normand,Rundall,nrundallfq@ifeng.com,BMW,Z3,1996,32036.49
568,Marsh,Gatrill,mgatrillfr@furl.net,GMC,"Yukon XL 2500",2008,31135.24
569,Wilburt,Matthaus,wmatthausfs@purevolume.com,BMW,"7 Series",1999,33568.98
570,Sophie,Sinnat,ssinnatft@sphinn.com,Subaru,Forester,2008,59605.55
571,Kimmy,Duesberry,kduesberryfu@cnbc.com,Mazda,MX-5,2012,93594.25
572,Liliane,Corkett,lcorkettfv@weather.com,Pontiac,Firebird,2002,27564.39
573,Timothy,Witterick,twitterickfw@auda.org.au,Toyota,"Truck Xtracab SR5",1989,41158.65
574,Norby,Hucks,nhucksfx@whitehouse.gov,Buick,Riviera,1992,49048.05
575,Johnathan,Lawlings,jlawlingsfy@cnbc.com,Lexus,RX,2000,30762.81
576,Loralie,Noorwood,lnoorwoodfz@nsw.gov.au,Volvo,V50,2005,67565.9
577,Laure,Calkin,lcalking0@bing.com,Mitsubishi,Mirage,1987,28838.46
578,Worthy,Irvin,wirving1@last.fm,Suzuki,XL7,2007,23678
579,Christie,McKernon,cmckernong2@w3.org,Nissan,Maxima,1990,52301.23
580,Bentlee,Wrightham,bwrighthamg3@hexun.com,Saturn,S-Series,1993,32865.69
581,Jeramey,Banyard,jbanyardg4@wix.com,Mazda,MX-3,1995,40330.18
582,Barrett,Ovendon,bovendong5@wsj.com,Chevrolet,Equinox,2012,79599.49
583,Wainwright,Pidgen,wpidgeng6@bravesites.com,Chevrolet,Corvette,1988,38729.26
584,Sheena,Wickson,swicksong7@apple.com,Jeep,Liberty,2004,39590.4
585,Cori,Sinnott,csinnottg8@sakura.ne.jp,BMW,M3,2009,41077.49
586,Nerte,Snowden,nsnowdeng9@prnewswire.com,GMC,Savana,2010,33489.4
587,Conny,Hutley,chutleyga@wikimedia.org,Pontiac,Gemini,1989,55313.96
588,Krishnah,Dorbon,kdorbongb@google.com.hk,"Land Rover",Discovery,1998,38236.04
589,Corry,Menere,cmeneregc@newyorker.com,Pontiac,Sunfire,2002,46034.03
590,Wallace,Bretelle,wbretellegd@privacy.gov.au,BMW,X6,2008,27309.97
591,Keary,Sabbin,ksabbinge@yellowbook.com,Mitsubishi,"Montero Sport",2004,24076.41
592,Kristin,Marsland,kmarslandgf@guardian.co.uk,Porsche,911,1993,14366.67
593,Tadeas,Tuxill,ttuxillgg@cnn.com,Audi,A5,2012,15375.26
594,Estelle,Goodliffe,egoodliffegh@github.io,GMC,"Yukon XL 1500",2012,53443.36
595,Val,Ousbie,vousbiegi@sbwire.com,Chevrolet,"Silverado 2500",2011,72077.26
596,Arnoldo,Vockings,avockingsgj@flickr.com,Volkswagen,"New Beetle",2003,31318.34
597,Winnie,Howford,whowfordgk@bluehost.com,Porsche,968,1995,12935.45
598,Madella,Yanshinov,myanshinovgl@bluehost.com,Mitsubishi,Lancer,2010,9556.09
599,Alexina,Helstrip,ahelstripgm@wikia.com,Acura,TL,2008,11310.21
600,Carma,Hoyt,choytgn@cornell.edu,Mitsubishi,GTO,1992,87411.98
601,Shay,Liebermann,sliebermanngo@cnet.com,Lotus,Evora,2010,29495.61
602,Dolph,Farens,dfarensgp@mapy.cz,Oldsmobile,LSS,1997,45984.53
603,Aaren,Ungaretti,aungarettigq@de.vu,Volvo,850,1995,96522.77
604,Nannette,Lushey,nlusheygr@ebay.com,Mercedes-Benz,S-Class,1989,49800.4
605,Winny,Gilardone,wgilardonegs@tinyurl.com,Buick,"Park Avenue",1999,54757.45
606,Emanuele,Glacken,eglackengt@theatlantic.com,Infiniti,G,2011,13746.23
607,Tiffany,Evans,tevansgu@wiley.com,Pontiac,Vibe,2009,98927.6
608,Tamma,Wragge,twraggegv@yandex.ru,Hyundai,Elantra,2013,18976.95
609,Effie,Gavan,egavangw@live.com,Toyota,Sequoia,2006,80340.9
610,Zondra,Stilly,zstillygx@sina.com.cn,Lincoln,Continental,1993,48179.51
611,Dagny,Babbe,dbabbegy@google.ca,GMC,"Sierra 2500",2009,22013.23
612,Jeannette,Fairnie,jfairniegz@pen.io,Porsche,944,1985,65972
613,Pate,Kellogg,pkelloggh0@miitbeian.gov.cn,Chevrolet,"Express 1500",2010,53379.49
614,Tessa,Ciccottio,tciccottioh1@ocn.ne.jp,Jaguar,XJ,2008,83541.34
615,Randy,Urry,rurryh2@oaic.gov.au,Infiniti,I,2003,58842.58
616,Willis,Lackney,wlackneyh3@hatena.ne.jp,Hyundai,"Genesis Coupe",2013,65392.52
617,Lexy,Cantwell,lcantwellh4@gov.uk,Ford,E-Series,1991,70093.74
618,Tann,Cornelissen,tcornelissenh5@cbc.ca,Oldsmobile,Silhouette,2004,90967.55
619,Tamqrah,Ainsbury,tainsburyh6@furl.net,BMW,"3 Series",1992,92249.63
620,Eldin,Pointon,epointonh7@amazonaws.com,Ford,E-Series,1988,72412.85
621,Timmie,Pawlata,tpawlatah8@cocolog-nifty.com,Buick,Regal,1994,36600
622,Cassi,Eggers,ceggersh9@psu.edu,Ford,"Explorer Sport Trac",2002,99228.81
623,Ram,Baugh,rbaughha@ucoz.ru,Maserati,Coupe,2006,69543.86
624,Leighton,Runsey,lrunseyhb@tiny.cc,Chevrolet,Corvette,1957,22085.73
625,Benny,Eisenberg,beisenberghc@ed.gov,Ford,EXP,1986,45797.59
626,Rosanne,Kermit,rkermithd@stanford.edu,Ram,2500,2012,64874.74
627,Munroe,Honniebal,mhonniebalhe@guardian.co.uk,GMC,"Sierra 1500",2007,17440.71
628,Melisse,Deniso,mdenisohf@seattletimes.com,Volvo,S80,2001,52561.54
629,Ethyl,Pollendine,epollendinehg@newyorker.com,Volvo,940,1993,19715.6
630,Romonda,Cushworth,rcushworthhh@gizmodo.com,Chrysler,Concorde,1996,94288.15
631,Albertine,Cambridge,acambridgehi@bandcamp.com,Chevrolet,Corvette,1989,19595.16
632,Corny,Feeley,cfeeleyhj@chron.com,Ford,Mustang,1972,16675.57
633,Natty,Norcross,nnorcrosshk@columbia.edu,Ford,"Bronco II",1989,74787.4
634,Kary,Bullant,kbullanthl@loc.gov,Chevrolet,Cruze,2013,61591.4
635,Matias,Temblett,mtembletthm@cafepress.com,Nissan,GT-R,2013,54327.62
636,Aeriell,Barosch,abaroschhn@furl.net,Mazda,RX-7,1988,12769.73
637,Mignon,Balharrie,mbalharrieho@mac.com,Chevrolet,3500,1998,89752.69
638,Tedmund,Golds,tgoldshp@hostgator.com,Volvo,850,1997,39920.78
639,Wynn,Gasker,wgaskerhq@seesaa.net,Toyota,Avalon,2000,82883.34
640,Jess,Pratley,jpratleyhr@irs.gov,Suzuki,Sidekick,1998,64295.53
641,Vallie,Smoughton,vsmoughtonhs@smh.com.au,Mercury,"Grand Marquis",1986,55925.31
642,Bail,Marre,bmarreht@cbsnews.com,Chrysler,300,2012,92958.64
643,Louella,Wollen,lwollenhu@mlb.com,Toyota,Sequoia,2001,77514.13
644,Portia,Bilbrey,pbilbreyhv@trellian.com,Mitsubishi,Tundra,2009,34251.46
645,Prissie,Faill,pfaillhw@wsj.com,Pontiac,Bonneville,1996,24473.52
646,Brietta,Loren,blorenhx@scientificamerican.com,Volkswagen,Jetta,2004,75410.41
647,Forest,Lansbury,flansburyhy@japanpost.jp,Mercedes-Benz,M-Class,2003,29241.92
648,Karrie,Tidridge,ktidridgehz@example.com,BMW,M3,2005,70722.8
649,Belinda,Seaborne,bseabornei0@amazon.co.uk,Chevrolet,Camaro,1998,47134.81
650,Jules,Pendered,jpenderedi1@twitter.com,Chrysler,Concorde,1994,51371.15
651,Kitty,Allabarton,kallabartoni2@youku.com,Toyota,Tacoma,1997,9317.26
652,Bink,Verissimo,bverissimoi3@bloglovin.com,Ford,Mustang,2001,43614.96
653,Kennie,Bestwick,kbestwicki4@sakura.ne.jp,Nissan,Maxima,1993,8098.33
654,Quincy,Doget,qdogeti5@dot.gov,Dodge,"Ram Van 2500",2002,87322.31
655,Rhoda,Esposita,respositai6@ucoz.ru,Mercedes-Benz,SL-Class,1998,69452.89
656,Bertie,McOmish,bmcomishi7@globo.com,Nissan,Quest,1997,41186.68
657,Hi,McTaggart,hmctaggarti8@mlb.com,Ford,E350,2003,26166.13
658,Onofredo,Meredyth,omeredythi9@timesonline.co.uk,GMC,Sierra,2012,28342.63
659,Damian,Pett,dpettia@hud.gov,Volkswagen,Rabbit,2008,49919.43
660,Andriette,Burgum,aburgumib@addtoany.com,Volkswagen,Eurovan,1995,70205.07
661,Clemmy,Syder,csyderic@scientificamerican.com,Mitsubishi,Eclipse,1993,31802.88
662,Hebert,Pelling,hpellingid@friendfeed.com,Subaru,SVX,1992,96536.01
663,Cletus,Roark,croarkie@jigsy.com,Lexus,LX,2008,17236.26
664,Hunt,Scarman,hscarmanif@geocities.jp,Chevrolet,Sonic,2012,77104.53
665,Kele,Mance,kmanceig@businesswire.com,Porsche,911,2010,40001.39
666,Cynthea,Savoury,csavouryih@google.it,Subaru,Forester,2008,12239.44
667,Anthia,Cammocke,acammockeii@sfgate.com,Hyundai,Veloster,2013,24208.45
668,Neysa,Sutherington,nsutheringtonij@gmpg.org,Chevrolet,"Monte Carlo",2003,55942.7
669,Gav,Neljes,gneljesik@weebly.com,Mercedes-Benz,G-Class,2011,22119.91
670,Joel,"O'Luby",jolubyil@dropbox.com,Chevrolet,Avalanche,2002,24117
671,Mariel,Mayall,mmayallim@networkadvertising.org,Buick,Skyhawk,1987,34199.09
672,Nevil,Cragg,ncraggin@aol.com,Ford,"E-350 Super Duty",2006,83335.69
673,Kerri,Shepland,ksheplandio@ted.com,Jaguar,X-Type,2007,70254.8
674,Hieronymus,Siggery,hsiggeryip@wp.com,Toyota,"FJ Cruiser",2009,71754.2
675,Ignacius,Andriveau,iandriveauiq@usatoday.com,Honda,Accord,1987,80675.71
676,Keriann,Conan,kconanir@mit.edu,Saab,9-3,2002,64330.52
677,Melisandra,Lowes,mlowesis@typepad.com,Mazda,MX-3,1996,56052.7
678,Alyss,Mundwell,amundwellit@gravatar.com,Toyota,Solara,2006,85580.96
679,Norrie,Morrice,nmorriceiu@webeden.co.uk,Pontiac,Firefly,1984,55284.52
680,Shae,"O' Culligan",soculliganiv@home.pl,Kia,Optima,2009,55700.73
681,Lon,Fallows,lfallowsiw@tiny.cc,Toyota,4Runner,2002,16682.44
682,Alysa,Kulvear,akulvearix@cisco.com,Mercedes-Benz,W201,1993,73244.59
683,Krista,Harg,khargiy@wikia.com,Lincoln,"Town Car",2007,7516.39
684,Nessa,Witton,nwittoniz@cbsnews.com,Toyota,"Land Cruiser",2005,41246.37
685,Cati,Bosdet,cbosdetj0@goo.gl,Lotus,Exige,2005,8894.98
686,Wallis,Dagnan,wdagnanj1@quantcast.com,Acura,ZDX,2011,79778.64
687,Gill,Cuseick,gcuseickj2@woothemes.com,Chevrolet,Cruze,2012,80226.29
688,Kippy,Collis,kcollisj3@goo.gl,Dodge,"Ram 1500",1996,82753.45
689,Branden,Swayte,bswaytej4@xrea.com,Volkswagen,Routan,2009,41981.19
690,Dean,Clears,dclearsj5@bravesites.com,Pontiac,"Grand Prix",1963,8299.96
691,Matias,Losbie,mlosbiej6@wsj.com,Infiniti,QX,2005,91354.17
692,Christy,Lambird,clambirdj7@yolasite.com,Buick,Lucerne,2008,22492.2
693,Nicolis,Dri,ndrij8@timesonline.co.uk,Volkswagen,Cabriolet,1992,11076.82
694,Doralynne,"Di Biagi",ddibiagij9@marriott.com,Hyundai,XG350,2003,32982.73
695,Carlotta,"Le Prevost",cleprevostja@ucla.edu,Lexus,IS-F,2010,65951.7
696,Lolly,Krystof,lkrystofjb@zimbio.com,Pontiac,"Firebird Formula",1999,17717.85
697,Cayla,Whifen,cwhifenjc@wiley.com,Jeep,Wrangler,1995,13690.11
698,Robbert,Exrol,rexroljd@mapy.cz,Lexus,ES,1989,65465.25
699,Ranice,Neal,rnealje@linkedin.com,Toyota,TundraMax,2007,91256.69
700,Jolee,Dodle,jdodlejf@yahoo.co.jp,Mercedes-Benz,SLK-Class,2010,36698.1
701,Herman,Weaben,hweabenjg@digg.com,Eagle,Summit,1993,71788.07
702,Helen,Miliffe,hmiliffejh@craigslist.org,Chevrolet,"Silverado 2500",2010,45417.95
703,Gillie,Johananov,gjohananovji@fc2.com,Daewoo,Lanos,1999,71689.29
704,Bill,Bedham,bbedhamjj@chronoengine.com,Lexus,"IS F",2011,32860.64
705,Thorin,Hendren,thendrenjk@nytimes.com,Chevrolet,TrailBlazer,2009,93182.51
706,Raymund,Kennifick,rkennifickjl@delicious.com,Pontiac,Firebird,1987,34761.86
707,Vere,"De Ath",vdeathjm@infoseek.co.jp,Honda,Pilot,2008,6871.72
708,Bellanca,Sterley,bsterleyjn@weather.com,Chevrolet,"Silverado 2500",2001,85000.47
709,Susann,Gartsyde,sgartsydejo@fotki.com,Volkswagen,Rabbit,2007,51108.84
710,Genni,Eplett,geplettjp@delicious.com,Hyundai,Tiburon,2004,46065.29
711,Chane,Waldrum,cwaldrumjq@studiopress.com,Mercury,Topaz,1985,9594.96
712,Gerome,Roblin,groblinjr@flavors.me,BMW,"3 Series",2005,61791.6
713,Burton,Blinkhorn,bblinkhornjs@nature.com,Suzuki,Swift,2001,44267.23
714,Bridie,Sallings,bsallingsjt@topsy.com,Mitsubishi,"Lancer Evolution",2011,39271.49
715,Rhoda,Whitnell,rwhitnellju@guardian.co.uk,Pontiac,Bonneville,1987,6535.26
716,Elihu,Pisco,episcojv@bbc.co.uk,Pontiac,"Firebird Trans Am",1986,64941.01
717,Randal,Openshaw,ropenshawjw@jigsy.com,Volkswagen,Eos,2012,44082.45
718,Carlina,Beushaw,cbeushawjx@wikimedia.org,Dodge,Stratus,2004,25854.47
719,Brianne,Argent,bargentjy@skyrock.com,Ford,Mustang,1980,89206.93
720,Star,Darridon,sdarridonjz@go.com,Volvo,S80,2005,28952.56
721,Marji,Lepard,mlepardk0@businessinsider.com,Pontiac,GTO,2006,64191.75
722,Fraze,Laight,flaightk1@sourceforge.net,Mazda,B2500,2001,51646.05
723,Stillman,Bruhnicke,sbruhnickek2@biglobe.ne.jp,Ford,Tempo,1988,10898.09
724,Auroora,Pavis,apavisk3@springer.com,Smart,Fortwo,2008,81227.78
725,Fawnia,"O'Crigan",focrigank4@cyberchimps.com,Toyota,Yaris,2011,22527.02
726,Jordon,Nutting,jnuttingk5@prweb.com,"Citroën",DeVille,2003,78657.88
727,Agnola,Sammut,asammutk6@homestead.com,Lexus,SC,1998,72017.4
728,Nickolaus,Speenden,nspeendenk7@behance.net,Mercedes-Benz,R-Class,2011,76280.26
729,Timmy,Whitmarsh,twhitmarshk8@hatena.ne.jp,BMW,"X6 M",2013,53271.29
730,Wandis,Janus,wjanusk9@smh.com.au,"Citroën",DeVille,1998,88303
731,Rebecca,Rosenthaler,rrosenthalerka@opera.com,BMW,"X5 M",2011,78794.91
732,Happy,Ellice,hellicekb@bloglines.com,Eagle,Talon,1994,19788.08
733,Curcio,Miller,cmillerkc@alibaba.com,Volkswagen,Fox,1988,74102.5
734,Mitchael,Spafford,mspaffordkd@fastcompany.com,Ford,Focus,2008,13984.77
735,Mabelle,Chadband,mchadbandke@opensource.org,Plymouth,Voyager,1996,70792.72
736,Ebenezer,Gianolo,egianolokf@microsoft.com,Chevrolet,Malibu,2012,79850.6
737,Lorita,Wannes,lwanneskg@reference.com,Chevrolet,Astro,1994,77268.21
738,Koralle,Bonhome,kbonhomekh@shop-pro.jp,Ford,Escort,1991,54681.1
739,Binnie,Baldam,bbaldamki@amazon.co.jp,Mitsubishi,"Mighty Max Macro",1993,95671.09
740,Derk,Renouf,drenoufkj@adobe.com,Mazda,Familia,1985,89748.06
741,Lauri,Conklin,lconklinkk@nature.com,"Land Rover",Defender,1995,59608.62
742,Joeann,Bilbee,jbilbeekl@businesswire.com,Buick,Enclave,2012,85218.33
743,Franz,Breukelman,fbreukelmankm@buzzfeed.com,Mercury,"Grand Marquis",2008,52002.3
744,Inesita,Devenny,idevennykn@jalbum.net,Daewoo,Lanos,2000,57258.69
745,Noelle,"de Cullip",ndecullipko@hibu.com,Hyundai,Accent,2001,89783.4
746,Marius,Gibbins,mgibbinskp@flickr.com,"Citroën",Eldorado,1997,62305.56
747,Andrey,Gatiss,agatisskq@go.com,Dodge,Viper,2008,43246.33
748,Thom,Yesenin,tyeseninkr@tripadvisor.com,Infiniti,QX,2005,62877.24
749,Wit,Letterick,wletterickks@google.co.jp,Isuzu,Ascender,2004,73145.24
750,Kaylyn,Suggett,ksuggettkt@springer.com,Pontiac,Firebird,1993,37976.01
751,Devon,Dorcey,ddorceyku@naver.com,Honda,Fit,2008,36996.4
752,Barbabra,Glyssanne,bglyssannekv@cdc.gov,"Citroën",XLR,2007,16270.69
753,Farah,Matveiko,fmatveikokw@blogs.com,Chevrolet,Tahoe,2009,82385.6
754,Kendall,Hampson,khampsonkx@a8.net,Buick,Terraza,2005,61673.76
755,Rollie,Kerwen,rkerwenky@mozilla.com,Saab,9-3,1999,37584.08
756,Adelbert,Brando,abrandokz@goo.gl,Chevrolet,"Suburban 1500",1992,51274.12
757,Maurise,Brignall,mbrignalll0@webs.com,Nissan,240SX,1992,81365.34
758,Paulo,Kewley,pkewleyl1@gizmodo.com,Ford,Windstar,2002,45420.32
759,Margery,Peaurt,mpeaurtl2@phoca.cz,Chevrolet,Corvette,2002,28870.63
760,Marcia,McKea,mmckeal3@japanpost.jp,GMC,"Sierra 3500",2007,57417.58
761,Morris,Middup,mmiddupl4@abc.net.au,Acura,NSX,2002,79496.08
762,Giana,Dawe,gdawel5@vimeo.com,Ford,Edge,2010,99698.56
763,Isadore,Anthon,ianthonl6@nationalgeographic.com,Ferrari,"F430 Spider",2006,30896.54
764,Clare,Sansun,csansunl7@woothemes.com,Subaru,Impreza,1993,36403.1
765,Myrtie,Jammes,mjammesl8@indiegogo.com,Volvo,XC90,2004,44252.87
766,Carin,Wordington,cwordingtonl9@desdev.cn,Mazda,Millenia,1996,83546.32
767,Alameda,Gorsse,agorssela@jiathis.com,Dodge,Shadow,1992,92685.04
768,Charin,Brindley,cbrindleylb@i2i.jp,Lexus,ES,2008,75259.96
769,Lek,Spilisy,lspilisylc@netvibes.com,Jeep,"Grand Cherokee",1996,35959.84
770,Giff,Hargrave,ghargraveld@bloomberg.com,Hummer,H1,1993,72790.68
771,Warner,Farr,wfarrle@dailymail.co.uk,Mercedes-Benz,SLK-Class,2001,49549.62
772,Lauri,Ennion,lennionlf@gravatar.com,Nissan,Maxima,1998,84641.44
773,Katrine,Nudde,knuddelg@harvard.edu,Dodge,"Ram Wagon B150",1994,88899.73
774,Halie,Jersh,hjershlh@myspace.com,Honda,Ridgeline,2010,10208.13
775,Thekla,Frood,tfroodli@state.gov,Aptera,Type-1h,2010,91267.66
776,Franny,Skillicorn,fskillicornlj@istockphoto.com,Nissan,Pathfinder,2005,22665.39
777,Tally,Howling,thowlinglk@microsoft.com,Lexus,LS,1995,85032.61
778,Issie,Dakhno,idakhnoll@bloglovin.com,Mercedes-Benz,M-Class,2003,7319.52
779,Lincoln,Lampel,llampellm@wisc.edu,Ford,Escape,2013,45418.49
780,Roley,Smouten,rsmoutenln@bloomberg.com,Mercedes-Benz,SL-Class,1998,96456.16
781,Marjory,McCrum,mmccrumlo@devhub.com,Mazda,"B-Series Plus",1997,68094.85
782,Hamnet,Eallis,heallislp@prweb.com,Volvo,V90,1998,70840.75
783,Kania,Tenbrug,ktenbruglq@virginia.edu,Chrysler,300M,2004,50803.7
784,Kaitlynn,Khidr,kkhidrlr@huffingtonpost.com,Jaguar,"XK Series",1998,89533
785,Federico,Beisley,fbeisleyls@unblog.fr,Mercedes-Benz,"Sprinter 3500",2011,78064.38
786,Ryann,Fisbey,rfisbeylt@bbc.co.uk,Volkswagen,GTI,2004,44353.52
787,Carolus,Sutherland,csutherlandlu@meetup.com,Mercedes-Benz,S-Class,2012,63046.53
788,Gretchen,Bullene,gbullenelv@vistaprint.com,Nissan,Pathfinder,2010,22253.32
789,Melisent,Rubi,mrubilw@godaddy.com,Ford,Expedition,2010,86386.21
790,Camila,Chisnell,cchisnelllx@xing.com,Porsche,944,1984,67615.5
791,Lucias,Graybeal,lgraybeally@ox.ac.uk,Infiniti,QX,2009,78460.38
792,Honey,Lanahan,hlanahanlz@ebay.com,Suzuki,"Grand Vitara",1999,66781.25
793,Tito,Tow,ttowm0@economist.com,Dodge,"Dakota Club",2001,63702.26
794,Silvio,Boyan,sboyanm1@upenn.edu,Chevrolet,"Monte Carlo",1996,7003.7
795,Wilek,Ratazzi,wratazzim2@phpbb.com,Dodge,Caravan,2008,81298.88
796,Clara,Shovlin,cshovlinm3@phoca.cz,Dodge,"Ram 1500",1994,99838.06
797,Aguste,Probbing,aprobbingm4@marketwatch.com,Buick,LeSabre,1994,54805.36
798,Marshal,Rome,mromem5@scientificamerican.com,Dodge,"Ram 2500 Club",1995,85814.63
799,Ian,Swalowe,iswalowem6@scientificamerican.com,Pontiac,"Trans Sport",1994,80834.44
800,Wally,Heard,wheardm7@loc.gov,Ford,Explorer,2001,72209.84
801,Rakel,Croxton,rcroxtonm8@google.com.hk,Toyota,Corolla,1996,96418.01
802,Thaddeus,McCool,tmccoolm9@constantcontact.com,Suzuki,SJ,1992,21523.59
803,Manny,Crippill,mcrippillma@google.co.jp,Mercury,Mountaineer,2003,44889.28
804,Ramsay,Chiommienti,rchiommientimb@t.co,Ford,"Expedition EL",2010,93245.3
805,Ardyce,Ivetts,aivettsmc@photobucket.com,Chevrolet,"Suburban 1500",2006,92061.19
806,Ermentrude,Hallt,ehalltmd@rambler.ru,Chevrolet,2500,1997,75176.71
807,Kizzee,Cornbell,kcornbellme@t.co,Dodge,Neon,1995,23123.35
808,Antonietta,Eldered,aelderedmf@topsy.com,BMW,645,2005,47100.01
809,Nathaniel,Klimuk,nklimukmg@go.com,Lincoln,"Mark VIII",1994,89961.93
810,Corny,Kittredge,ckittredgemh@businesswire.com,Chevrolet,"Express 1500",2006,80223.46
811,Loreen,Milazzo,lmilazzomi@smh.com.au,Dodge,"Ram 3500 Club",1997,34467.67
812,Ave,Levi,alevimj@reverbnation.com,Jeep,Wrangler,2009,35492.96
813,Ida,Licquorish,ilicquorishmk@dropbox.com,Chevrolet,"Express 2500",1996,10343.87
814,Silas,"O'Kerin",sokerinml@google.ca,GMC,"Savana 1500",2006,9812.91
815,Yelena,Skipworth,yskipworthmm@deliciousdays.com,Chevrolet,Equinox,2006,46394.41
816,Sharline,Buntain,sbuntainmn@phoca.cz,Volkswagen,Jetta,1984,30565.02
817,Desi,Holyard,dholyardmo@webeden.co.uk,"Citroën","Escalade EXT",2012,43004.26
818,Corrie,Ellph,cellphmp@mapy.cz,Isuzu,Axiom,2002,78132.22
819,Lissa,Bahlmann,lbahlmannmq@vinaora.com,Chevrolet,"Express 3500",2003,64364.29
820,Hetti,Pawelec,hpawelecmr@howstuffworks.com,Nissan,Pathfinder,2011,24085.48
821,Adrien,Bunclark,abunclarkms@guardian.co.uk,Suzuki,"Daewoo Lacetti",2006,39552.66
822,Lorri,Clout,lcloutmt@biblegateway.com,Mazda,MX-5,1999,5229.02
823,Sella,Stearn,sstearnmu@ft.com,Chevrolet,Tracker,1999,61258.17
824,Lizabeth,Kemmet,lkemmetmv@imdb.com,Dodge,Neon,2004,47962.34
825,Aprilette,Sinnott,asinnottmw@hc360.com,Infiniti,QX56,2007,18945.77
826,Robinson,Bromont,rbromontmx@hatena.ne.jp,Kia,Sportage,2002,92751.93
827,Cody,Olford,colfordmy@ehow.com,Porsche,911,2001,34728.66
828,Vittorio,Baber,vbabermz@nih.gov,Infiniti,G,2002,75430.82
829,Ida,Colvine,icolvinen0@goodreads.com,Chevrolet,Astro,2003,90236.87
830,Herb,Sawkin,hsawkinn1@independent.co.uk,BMW,"Z4 M",2007,35030.58
831,Hailey,Bourdon,hbourdonn2@about.com,Dodge,Sprinter,2006,28453.34
832,Valentino,Ricold,vricoldn3@jimdo.com,Volkswagen,Jetta,2003,78481.22
833,Jobie,Elstow,jelstown4@google.fr,Mitsubishi,"Mighty Max",1996,75814.13
834,Caye,Tomkin,ctomkinn5@soundcloud.com,"Citroën",XLR-V,2007,67763.8
835,Gina,Cornely,gcornelyn6@hostgator.com,Chevrolet,Express,2012,95307.29
836,Theodor,Lamberti,tlambertin7@google.cn,Ford,"Crown Victoria",2003,29673.25
837,Konrad,Glasson,kglassonn8@jimdo.com,Nissan,Titan,2012,47504.42
838,Fan,McGown,fmcgownn9@cloudflare.com,Pontiac,"Grand Prix",1986,51926.66
839,Udall,Domotor,udomotorna@51.la,Nissan,Frontier,1999,11791.38
840,Skip,Hammerman,shammermannb@yolasite.com,Chevrolet,Camaro,1975,6511.14
841,Serena,Instock,sinstocknc@dailymotion.com,Lincoln,MKT,2012,18028.73
842,Mikael,Ixor,mixornd@ucoz.ru,Nissan,Xterra,2003,41851.3
843,Jenelle,Beggan,jbegganne@soundcloud.com,Ford,Contour,1997,11614.67
844,Clotilda,Cumbridge,ccumbridgenf@studiopress.com,Ford,Explorer,2004,72090.03
845,Imojean,Prescot,iprescotng@cbslocal.com,Lexus,GS,2002,59733.88
846,Ninetta,Manktelow,nmanktelownh@abc.net.au,Mercury,"Grand Marquis",1990,45433.23
847,Marianna,Josskowitz,mjosskowitzni@unicef.org,"Land Rover",Sterling,1991,74616.32
848,Burch,Vest,bvestnj@java.com,Mitsubishi,RVR,1995,49773.52
849,Zarah,Bispham,zbisphamnk@washington.edu,Mazda,"Mazda6 5-Door",2006,88959.56
850,Brig,Britton,bbrittonnl@diigo.com,Lexus,ES,1993,15830.22
851,Tobi,Stillwell,tstillwellnm@cbc.ca,Toyota,Sienna,2005,25972.59
852,Pat,Causton,pcaustonnn@hud.gov,Mazda,929,1991,53953.16
853,Wainwright,Reisenberg,wreisenbergno@independent.co.uk,Ford,Windstar,2001,32182.68
854,Tadio,Bright,tbrightnp@mayoclinic.com,Plymouth,Acclaim,1992,23482.84
855,Rana,Bog,rbognq@cpanel.net,Dodge,"Ram Van 3500",1998,90112.21
856,Martynne,Woolen,mwoolennr@bluehost.com,Ford,Mustang,1968,93275.97
857,Kiri,Wall,kwallns@kickstarter.com,Buick,Riviera,1998,11631.23
858,Lenette,Ambrogio,lambrogiont@time.com,Toyota,Previa,1995,96958.33
859,Payton,Servis,pservisnu@ustream.tv,Nissan,200SX,1996,16037.59
860,Jonie,Atcheson,jatchesonnv@noaa.gov,Mitsubishi,Starion,1984,30270.1
861,Padriac,"D'eath",pdeathnw@mayoclinic.com,Hyundai,Accent,2003,80190.18
862,Bennie,Stannislawski,bstannislawskinx@about.com,Subaru,Outback,2012,71536.44
863,Jillane,Caldaro,jcaldarony@cisco.com,Toyota,Tercel,1993,57084.84
864,Alexis,Tiernan,atiernannz@umn.edu,Toyota,Tercel,1994,68937.61
865,Andree,Voas,avoaso0@liveinternet.ru,Pontiac,Montana,1999,82320.39
866,Nikolaos,Danilchev,ndanilchevo1@wisc.edu,Jaguar,XJ,2009,19438.32
867,Alyson,Grooby,agroobyo2@dyndns.org,Jaguar,"XK Series",2013,30168.95
868,Granny,Deniset,gdeniseto3@nature.com,Isuzu,"Hombre Space",2000,28515.43
869,Edgardo,Bardnam,ebardnamo4@webeden.co.uk,Bentley,Brooklands,2009,80339.72
870,Heinrick,Plumbe,hplumbeo5@slideshare.net,Lincoln,"Town Car",2007,43479.34
871,Deeyn,Enrietto,denriettoo6@eepurl.com,Nissan,"Datsun/Nissan Z-car",1990,36785.88
872,Bondy,Bigly,bbiglyo7@ed.gov,Lincoln,"Mark VIII",1995,83216.31
873,Lenna,Barkaway,lbarkawayo8@issuu.com,Isuzu,VehiCROSS,2001,79497.07
874,Tommy,Verzey,tverzeyo9@harvard.edu,Aptera,Typ-1,2008,43602.07
875,Lorne,Cork,lcorkoa@goo.ne.jp,Mercedes-Benz,CL-Class,2010,22295.96
876,Agnese,Iorillo,aiorilloob@apache.org,Hummer,H1,1994,84949.27
877,Yehudi,Bazley,ybazleyoc@slate.com,"Land Rover",Freelander,2001,99224.54
878,Federica,Huxham,fhuxhamod@cisco.com,Bentley,Brooklands,2009,15865.99
879,Nicoli,Menico,nmenicooe@rambler.ru,Dodge,Dakota,1999,25241.15
880,Hewett,Aylwin,haylwinof@bigcartel.com,Toyota,"Land Cruiser",2003,96042.89
882,Abbye,Luker,alukeroh@squidoo.com,Lexus,ES,2010,50323.95
883,Faustina,Rhydderch,frhydderchoi@reference.com,GMC,Canyon,2006,68783.32
884,Bonnie,Doughty,bdoughtyoj@imdb.com,Volkswagen,"New Beetle",2012,8178.64
885,Leola,Scholfield,lscholfieldok@sakura.ne.jp,Ford,F350,2011,51474.01
886,Jarred,Piris,jpirisol@accuweather.com,"Citroën","Escalade ESV",2012,25684.77
887,Harland,Truckett,htruckettom@theguardian.com,Pontiac,Bonneville,2000,65004.52
888,Nathan,Cluney,ncluneyon@prweb.com,Mazda,B-Series,2003,36582.74
889,Lucius,Brauninger,lbrauningeroo@meetup.com,Toyota,Tacoma,2002,24123.92
890,Lavina,Morot,lmorotop@nasa.gov,Shelby,GT500,1968,71436.58
891,Terrye,McBrearty,tmcbreartyoq@pinterest.com,Acura,SLX,1997,72750.02
892,Dolph,Hicken,dhickenor@redcross.org,Audi,R8,2008,81454.76
893,Sapphire,Skoggins,sskogginsos@moonfruit.com,BMW,Z4,2004,69001.79
894,Hillier,Rennox,hrennoxot@google.es,Kia,Sorento,2008,23480.07
895,Darsie,Zanetti,dzanettiou@intel.com,Buick,"Park Avenue",1999,47089.37
896,Gerda,Elgie,gelgieov@marketwatch.com,Porsche,Boxster,2013,30223.4
897,Dahlia,Candelin,dcandelinow@sina.com.cn,Dodge,"Ram 1500",2010,25794.73
898,Kit,Hendin,khendinox@google.cn,Isuzu,Amigo,2000,59849.46
899,Aaron,Netherclift,anethercliftoy@nih.gov,Lexus,ES,2008,77420.36
900,Bartel,Coldbathe,bcoldbatheoz@vk.com,GMC,"2500 Club Coupe",1995,8844.75
901,Davita,Fellini,dfellinip0@wikia.com,Dodge,"Ram Wagon B350",1994,70174.66
902,Roshelle,Wreford,rwrefordp1@taobao.com,Dodge,Stratus,1995,81311.11
903,Ira,Curwen,icurwenp2@wikipedia.org,Mercedes-Benz,E-Class,1997,85476.28
904,Felicle,Hamon,fhamonp3@sakura.ne.jp,Chevrolet,Astro,1999,9102.61
905,Desiri,Clarae,dclaraep4@umn.edu,"Land Rover",Defender,1997,76043.09
906,Helga,Toogood,htoogoodp5@tripod.com,Ford,Courier,1987,52166.58
907,Thornie,Coggill,tcoggillp6@samsung.com,Ford,Explorer,2004,74748.19
909,Maureen,Deinhard,mdeinhardp8@tinyurl.com,Porsche,911,1996,9851.71
910,Gratiana,Flips,gflipsp9@blog.com,Jeep,Patriot,2010,16865.82
911,Aldridge,Tother,atotherpa@netlog.com,BMW,"7 Series",1992,27457.65
912,Demetris,Bisacre,dbisacrepb@oaic.gov.au,Chevrolet,Lumina,1997,77613.31
913,Valeria,Isakovitch,visakovitchpc@ihg.com,Hyundai,XG350,2005,49003.98
914,Luciana,Brockett,lbrockettpd@1und1.de,Lamborghini,Diablo,1992,55384.03
915,Axe,Trobe,atrobepe@google.com.br,"Land Rover",LR3,2008,89113.21
916,Laryssa,Kintzel,lkintzelpf@google.com,Kia,Sorento,2012,87627
917,Althea,Ambroz,aambrozpg@geocities.jp,Chevrolet,"Silverado 1500",2008,12766.17
918,Philbert,Robeiro,probeiroph@reference.com,Mercedes-Benz,GL-Class,2009,86351.92
919,Jennica,Cicullo,jcicullopi@apache.org,Mercury,Cougar,1985,51487.18
920,Othello,Emms,oemmspj@nifty.com,Mitsubishi,Raider,2008,8615.73
921,Ced,Keates,ckeatespk@liveinternet.ru,GMC,"Sierra 1500",2003,27417.26
922,Bryon,Elwyn,belwynpl@ebay.com,Audi,S5,2009,7359.41
923,Shirlee,Baston,sbastonpm@noaa.gov,Ford,Mustang,1967,52010.57
924,Barbie,Garces,bgarcespn@imageshack.us,Dodge,"Ram Van 1500",2001,87180.26
925,Maribelle,Mougel,mmougelpo@google.es,"Land Rover",Freelander,2009,75194.93
926,Rosemarie,Langthorne,rlangthornepp@webnode.com,Acura,Integra,1994,19529.36
927,Bartolemo,Meader,bmeaderpq@slideshare.net,Kia,Sephia,1998,94246.84
928,Blaire,Nowland,bnowlandpr@fema.gov,Mercedes-Benz,W201,1988,80682.48
929,Noble,Gilffilland,ngilffillandps@symantec.com,Mitsubishi,Raider,2008,42266.27
930,Kissiah,Niaves,kniavespt@wisc.edu,Audi,V8,1991,73700.18
931,Rand,Carrivick,rcarrivickpu@weebly.com,Infiniti,J,1996,76258.57
932,Roderic,Leynham,rleynhampv@deliciousdays.com,Nissan,Sentra,2006,63466.61
933,Kristin,Kretschmer,kkretschmerpw@purevolume.com,Lamborghini,"Murciélago LP640",2008,34212.03
934,Melodie,Hosby,mhosbypx@zimbio.com,Kia,Forte,2011,51909.24
935,Benedikt,Nester,bnesterpy@free.fr,Pontiac,Fiero,1984,77184.91
936,Felice,Duckerin,fduckerinpz@bloglines.com,Ford,Taurus,1997,91844.44
937,Abbye,Duce,aduceq0@msu.edu,Dodge,Charger,2008,59067.59
938,Casper,Towsey,ctowseyq1@a8.net,"Citroën",Eldorado,1993,64003.81
939,Andie,Nulty,anultyq2@slideshare.net,Mitsubishi,3000GT,1999,38973.94
940,Olag,Pointing,opointingq3@usa.gov,Volkswagen,Golf,1988,51454.19
941,Tymon,Bosman,tbosmanq4@tinypic.com,Mercury,Tracer,1989,96911.85
942,Aristotle,Trustey,atrusteyq5@squidoo.com,Toyota,Previa,1994,38101.77
943,Kurtis,"Van Rembrandt",kvanrembrandtq6@photobucket.com,Chevrolet,"Lumina APV",1992,64267.88
944,Benedick,Swabey,bswabeyq7@tinyurl.com,"Citroën","Escalade EXT",2012,28997.03
945,Brandea,Symcox,bsymcoxq8@webmd.com,Lotus,Esprit,1998,98486.76
946,Nicky,Speakman,nspeakmanq9@whitehouse.gov,Buick,Terraza,2007,14201.13
947,Thorin,Dasent,tdasentqa@marketwatch.com,Subaru,Forester,2012,68472.34
948,Dominique,McRill,dmcrillqb@hexun.com,Chevrolet,TrailBlazer,2005,44269.78
949,Vasilis,Peachey,vpeacheyqc@gnu.org,Mercedes-Benz,W201,1986,45647.69
950,Katina,Dysart,kdysartqd@mapy.cz,GMC,"Savana 2500",2007,31647.62
951,Aleksandr,Wakeman,awakemanqe@msu.edu,Lexus,GS,1996,21782.44
952,Evelina,Brimson,ebrimsonqf@myspace.com,Volkswagen,"New Beetle",2000,51085.71
953,Cal,Abramson,cabramsonqg@xing.com,Lexus,ES,1989,32567.59
954,Magda,Salandino,msalandinoqh@devhub.com,Isuzu,i-350,2006,97758.94
955,Lewiss,Goldhawk,lgoldhawkqi@marketwatch.com,Saab,9-5,2001,54256.08
956,Marena,Paylie,mpaylieqj@loc.gov,Chevrolet,Silverado,2007,28504.17
957,Dona,Cottisford,dcottisfordqk@nhs.uk,Ford,Tempo,1985,91065.18
958,Lindsey,Delucia,ldeluciaql@stanford.edu,Chevrolet,Corvette,1984,70282.82
959,Ginny,Dunlop,gdunlopqm@goo.ne.jp,Mazda,MPV,1995,10465.51
960,Austina,Lilliman,alillimanqn@123-reg.co.uk,Mitsubishi,Montero,2002,72216.31
961,Madelaine,Cummungs,mcummungsqo@geocities.com,Pontiac,Sunfire,2004,28269.47
962,Lana,Ashment,lashmentqp@patch.com,Toyota,MR2,1994,83677.03
963,Karylin,Runsey,krunseyqq@miitbeian.gov.cn,Dodge,"Dakota Club",1999,50146.08
964,Marybeth,Finden,mfindenqr@rakuten.co.jp,Mercedes-Benz,S-Class,2010,80382.84
965,Andy,Haydon,ahaydonqs@abc.net.au,Lexus,RX,2005,66035.29
966,Evanne,Beadnell,ebeadnellqt@springer.com,"Land Rover",LR4,2010,99335.99
967,Mandie,Kennea,mkenneaqu@usda.gov,Chevrolet,Camaro,1982,70331.45
968,Jerri,Gabites,jgabitesqv@bbb.org,Buick,Century,1994,60223.16
969,Ofilia,Corrison,ocorrisonqw@globo.com,"Citroën",Seville,1996,47027.07
970,Grete,Sullly,gsulllyqx@themeforest.net,Audi,TT,2004,27924.1
971,Alexia,Meugens,ameugensqy@list-manage.com,Buick,Riviera,1993,34720.91
972,Tabbie,MacCarroll,tmaccarrollqz@mac.com,Lexus,GS,1995,85851.01
973,Greer,Twitchings,gtwitchingsr0@msu.edu,Dodge,"Ram 2500 Club",1999,7190.44
974,Esmeralda,Koubu,ekoubur1@gmpg.org,"Land Rover","Range Rover Sport",2009,26288.35
975,Abbey,Leghorn,aleghornr2@behance.net,Chevrolet,"Express 3500",1998,34855.54
976,Valaria,Cruxton,vcruxtonr3@fc2.com,Dodge,"Ram Van B150",1992,37157.06
977,Mandie,Tring,mtringr4@sina.com.cn,Ford,E150,2012,60525.7
978,Panchito,Rosetti,prosettir5@nytimes.com,Chrysler,Aspen,2009,22730.14
979,Tam,Mounsey,tmounseyr6@columbia.edu,Mazda,"Miata MX-5",2003,76476.02
980,Meagan,Canelas,mcanelasr7@sohu.com,Ford,Aspire,1994,9257.41
981,Sharla,Caller,scallerr8@squarespace.com,Lexus,LFA,2012,11769.28
982,Charleen,Sambeck,csambeckr9@netlog.com,Mazda,MPV,1997,38608.32
983,Kristin,Topes,ktopesra@moonfruit.com,Lexus,LFA,2012,44789.75
984,Mead,Vanshin,mvanshinrb@photobucket.com,BMW,Z4,2004,62365.25
985,Kay,Illston,killstonrc@hubpages.com,Pontiac,GTO,1972,45759.46
986,Rey,Hylden,rhyldenrd@java.com,"Alfa Romeo",164,1995,47127.79
987,Norby,Kerrich,nkerrichre@wufoo.com,Oldsmobile,Bravada,1999,88502.3
988,Conrade,Novak,cnovakrf@blinklist.com,Dodge,"Ram 1500",2003,58684.99
989,Yurik,Geare,ygearerg@ovh.net,Buick,Reatta,1991,57867.31
990,Oralee,Yerrill,oyerrillrh@amazon.de,Ford,Taurus,2008,84709.78
991,Pollyanna,Gostyke,pgostykeri@cloudflare.com,"Land Rover",LR2,2009,19383.48
992,Ailina,Greenham,agreenhamrj@comcast.net,BMW,M5,2009,96619.81
993,Demetre,Phifer,dphiferrk@blogspot.com,Dodge,Charger,1999,22313.49
994,Elvin,Milazzo,emilazzorl@usgs.gov,Scion,xB,2006,32864.82
995,Holly,"O'Hederscoll",hohederscollrm@aol.com,Hyundai,"Santa Fe",2007,79303.26
996,Billy,Arons,baronsrn@weebly.com,Ford,F-Series,2011,35445.01
997,Gianna,Lockyer,glockyerro@hibu.com,Lexus,ES,2001,9554.44
998,Burnard,Bushby,bbushbyrp@nymag.com,Suzuki,SX4,2009,43096.77
999,Dotty,Egdal,degdalrq@oakley.com,Subaru,XT,1985,30833.21
1000,Fidelio,Testo,ftestorr@un.org,Isuzu,Rodeo,1996,95938.57
